tournamentid;matchid;LeagueTypeID;LeagueTypeName;eventid;eventcode;eventname;drawid;drawcode;drawname;team1id;team1name;team2id;team2name;winner;plannedtime;plannedtime_original;locationid;locationname;team1matchpoints;team2matchpoints;team1matches;team2matches;team1sets;team2sets;team1points;team2points;HomeAwaySwapped;teamresult_enteredon;teamresult_user;submatchresult_enteredon;submatchresult_user;teammatchconfirmed_confirmedon;teammatchconfirmed_user;flag_MatchNotPlayedTeam1DidNotShow;flag_MatchNotPlayedTeam2DidNotShow;flag_PenaltyTeam1;flag_PenaltyTeam2;flag_PenaltyTeam1AllPoints;flag_PenaltyTeam2AllPoints;flag_PenaltyBothTeams
191589;381;1;Gemengd;4;;3° Provinciale;5;;A;;Barloke 2G;;Sportif 1G;3;29-8-2017 20:00:00;2-9-2017 20:00:00;;Sporthal De Barloke;1;1;0;0;9;10;347;356;False;;;1-9-2017 14:11:12;BC Barloke;8-9-2017 14:20:56;bc sportif vzw;false;false;false;false;false;false;false
191589;420;1;Gemengd;4;;3° Provinciale;6;;B;;Westhoek 2G;;Brugse 2G;2;30-8-2017 19:45:00;3-9-2017 14:30:00;;KTA Sportzaal;0;2;0;1;7;13;353;375;False;;;2-9-2017 15:38:34;Westhoek Badminton;21-9-2017 19:26:33;Robin Dumon;false;false;false;false;false;false;false
191589;602;1;Gemengd;6;;5° Provinciale;10;;A;;Sportif 4G;;Tielt 5G;2;30-8-2017 20:30:00;3-9-2017 13:45:00;0F926DD4-F9DD-4618-B3BD-E044638C9D48;Gemeentelijke SPORTHAL;0;2;0;1;2;14;188;321;False;;;4-9-2017 18:38:49;bc sportif vzw;15-9-2017 17:47:42;BC Tielt;false;false;false;false;false;false;false
191589;507;1;Gemengd;5;;4° Provinciale;8;;A;;Sportif 2G;;Varsenare 1G;1;31-8-2017 20:30:00;8-10-2017 13:45:00;0F926DD4-F9DD-4618-B3BD-E044638C9D48;Gemeentelijke SPORTHAL;2;0;1;0;12;6;339;271;False;;;1-9-2017 08:25:17;bc sportif vzw;9-9-2017 19:53:58;Varsenare Badminton;false;false;false;false;false;false;false
191589;436;1;Gemengd;4;;3° Provinciale;6;;B;;Gitse 2G;;Tielt 4G;1;1-9-2017 20:15:00;1-9-2017 20:15:00;B2CF9C8A-C7E1-44BB-A44B-F9DB7F9FB5C9;SPORTHAL OGIERLANDE;2;0;1;0;14;2;330;243;False;;;2-9-2017 18:48:44;Jonas Maes Gitse;3-9-2017 20:39:21;BC Tielt;false;false;false;false;false;false;false
191589;58;1;Gemengd;3;;2° Provinciale;2;;A;;Torhout 1G;;IZBA 2G;1;1-9-2017 20:30:00;1-9-2017 20:30:00;FA6F3DAE-E9F0-419F-96CB-5487B831D3AD;SPORTHAL Zaal A;2;0;1;0;13;6;357;308;False;2-9-2017 16:50:08;Albert Bossuyt Torhout;3-9-2017 23:09:49;Albert Bossuyt Torhout;;;false;false;false;false;false;false;false
191589;303;1;Gemengd;3;;2° Provinciale;4;;B;;Gullegem 1G;;Tielt 2G;2;1-9-2017 20:30:00;1-9-2017 20:30:00;;Sporthal Gullegem;0;2;0;1;5;14;284;361;False;;;2-9-2017 13:57:26;BC Gullegem;15-10-2017 18:45:58;BC Tielt;false;false;false;false;false;false;false
191589;636;1;Gemengd;6;;5° Provinciale;11;;B;;Torhout 3G;;IZBA 4G;2;1-9-2017 20:30:00;1-9-2017 20:30:00;FA6F3DAE-E9F0-419F-96CB-5487B831D3AD;SPORTHAL Zaal A;0;2;0;1;10;11;372;395;False;2-9-2017 16:48:52;Albert Bossuyt Torhout;3-9-2017 19:56:45;Albert Bossuyt Torhout;4-9-2017 22:28:56;club IZBA;false;false;false;false;false;false;false
191589;563;1;Gemengd;5;;4° Provinciale;9;;B;;Brugse 3G;;Haneveld 1G;1;1-9-2017 20:30:00;1-9-2017 20:30:00;;sint-lodewijkscollege;2;0;1;0;15;3;366;246;False;;;3-9-2017 12:38:37;WVBF;26-9-2017 15:55:41;Mercedes Van Den Eynde;false;false;false;false;false;false;false
191589;649;1;Gemengd;6;;5° Provinciale;11;;B;;Gullegem 3G;;Bavikhove 1G;1;1-9-2017 20:30:00;1-9-2017 20:30:00;;Sporthal Gullegem;2;0;1;0;13;6;368;314;False;;;2-9-2017 12:28:15;BC Gullegem;28-11-2017 21:24:01;Badminton Bavikhoofse;false;false;false;false;false;false;false
191589;79;1;Gemengd;3;;2° Provinciale;2;;A;;Ombesa 1G;;waregem 2G;1;2-9-2017 09:15:00;2-9-2017 09:15:00;;tempelhof;2;0;1;0;16;3;382;256;False;;;3-9-2017 22:29:09;bc Ombesa;4-9-2017 19:12:12;Waregem BC;false;false;false;false;false;false;false
191589;1340;1;Gemengd;5;;4° Provinciale;28;;C;;Ombesa 2G;;Gullegem 2G;3;2-9-2017 09:15:00;2-9-2017 09:15:00;;tempelhof;1;1;0;0;11;8;344;334;False;;;3-9-2017 22:39:28;bc Ombesa;4-9-2017 21:25:41;BC Gullegem;false;false;false;false;false;false;false
191589;68;1;Gemengd;3;;2° Provinciale;2;;A;;LEBAD Kortrijk 4G;;De Valkaart 2G;2;2-9-2017 18:30:00;2-9-2017 18:30:00;16C9C2EA-F569-4A79-804D-B3F1F59B1A4A;STED SPORTHAL;0;2;0;1;9;10;360;353;False;4-9-2017 19:30:46;Lebad Kortrijk;4-9-2017 19:38:15;Lebad Kortrijk;7-9-2017 10:35:38;BC De Valkaart;false;false;false;false;false;false;false
191589;335;1;Gemengd;3;;2° Provinciale;4;;B;;LEBAD Kortrijk 3G;;OBTC 1G;2;2-9-2017 18:30:00;2-9-2017 18:30:00;16C9C2EA-F569-4A79-804D-B3F1F59B1A4A;STED SPORTHAL;0;2;0;1;7;14;351;404;False;;;4-9-2017 10:58:20;Lebad Kortrijk;7-9-2017 21:23:11;De Oostendse Badmintonclub OBTC;false;false;false;false;false;false;false
191589;362;1;Gemengd;4;;3° Provinciale;5;;A;;OBTC 2G;;waregem 3G;3;2-9-2017 19:30:00;2-9-2017 19:30:00;908401B7-4A97-4C8C-B766-F979F5829975;De Spuikom;1;1;0;0;9;9;307;340;False;3-9-2017 11:16:03;De Oostendse Badmintonclub OBTC;3-9-2017 11:28:46;De Oostendse Badmintonclub OBTC;12-10-2017 08:40:56;Mercedes Van Den Eynde;false;false;false;false;false;false;false
191589;366;1;Gemengd;4;;3° Provinciale;5;;A;;Roeselare 1G;;Torhout 2G;3;2-9-2017 19:30:00;2-9-2017 19:30:00;0932F6CA-648C-4122-92EE-371D3B484F24;SCHIERVELDE;1;1;0;0;9;8;326;290;False;;;3-9-2017 11:02:22;Jozef Verbrugghe;16-9-2017 18:20:09;Albert Bossuyt Torhout;false;false;false;false;false;false;false
191589;571;1;Gemengd;5;;4° Provinciale;9;;B;;Barloke 3G;;LEBAD Kortrijk 6G;1;2-9-2017 20:00:00;2-9-2017 20:00:00;;Sporthal De Barloke;2;0;1;0;16;1;358;219;False;;;3-9-2017 21:44:35;BC Barloke;4-9-2017 20:01:35;Lebad Kortrijk;false;false;false;false;false;false;false
191589;410;1;Gemengd;4;;3° Provinciale;6;;B;;De Valkaart 3G;;Blankenbergse 1G;3;3-9-2017 09:00:00;3-9-2017 09:00:00;;De Valkaart;1;1;0;0;8;9;306;311;False;;;4-9-2017 20:43:04;BC De Valkaart;24-9-2017 13:26:25;BC Blankenbergse;false;false;false;false;false;false;false
191589;327;1;Gemengd;3;;2° Provinciale;4;;B;;De Valkaart 1G;;BC Oostrozebeke 2G;1;3-9-2017 09:00:00;3-9-2017 09:00:00;;De Valkaart;2;0;1;0;15;5;408;344;False;;;3-9-2017 20:22:38;BC De Valkaart;12-10-2017 12:03:12;BC Oostrozebeke;false;false;false;false;false;false;false
191589;1352;1;Gemengd;5;;4° Provinciale;9;;B;;Ieper 1G;;Gitse 3G;1;3-9-2017 09:45:00;3-9-2017 09:45:00;;Sporthal Ieper;2;0;1;0;15;4;382;285;False;;;4-9-2017 17:57:50;Ieperse BC;27-9-2017 09:58:25;Jonas Maes Gitse;false;false;false;false;false;false;false
191589;30;1;Gemengd;2;;1° Provinciale;1;;A;;Westhoek 1G;;Barloke 1G;2;3-9-2017 14:30:00;3-9-2017 14:30:00;38D9BE2C-2CE4-4EFD-9565-9DFB2214AEDA;Sportzaal Den Oosthoek;0;2;0;1;4;14;296;351;False;;;3-9-2017 22:03:22;Westhoek Badminton;19-9-2017 15:13:08;Nathan Vandenberghe;false;false;false;false;false;false;false
191589;658;1;Gemengd;6;;5° Provinciale;11;;B;;Westhoek 4G;;Tielt 6G;2;3-9-2017 14:30:00;3-9-2017 14:30:00;38D9BE2C-2CE4-4EFD-9565-9DFB2214AEDA;Sportzaal Den Oosthoek;0;2;0;1;6;13;334;374;False;3-9-2017 20:05:05;Westhoek Badminton;3-9-2017 20:22:46;Westhoek Badminton;4-9-2017 15:09:27;BC Tielt;false;false;false;false;false;false;false
191589;9;1;Gemengd;2;;1° Provinciale;1;;A;;waregem 1G;;Brugse 1G;1;4-9-2017 20:15:00;4-9-2017 20:15:00;;treffer;2;0;1;0;10;7;307;313;False;;;5-9-2017 20:03:39;Waregem BC;5-9-2017 20:07:22;WVBF;false;false;false;false;false;false;false
191589;17;1;Gemengd;2;;1° Provinciale;1;;A;;Zuidwest 1G;;Zuidwest 2G;3;4-9-2017 20:15:00;4-9-2017 20:15:00;EDCCACB1-AA95-46CF-9B29-9C2416941CB1;TER LINDE;1;1;0;0;11;8;364;334;False;;;5-9-2017 21:00:25;club Zuid West;12-9-2017 22:52:16;club Zuid West;false;false;false;false;false;false;false
191589;500;1;Gemengd;5;;4° Provinciale;8;;A;;Barloke 4G;;Brugse 4G;3;5-9-2017 20:15:00;5-9-2017 20:00:00;;Sporthal De Barloke;1;1;0;0;8;8;282;251;False;;;6-9-2017 20:58:36;BC Barloke;7-9-2017 18:59:10;Robin Dumon;false;false;false;false;false;false;false
191589;530;1;Gemengd;5;;4° Provinciale;8;;A;;Roeselare 2G;;IZBA 3G;1;6-9-2017 20:00:00;6-9-2017 20:00:00;;Sporthal De Ark;2;0;1;0;14;4;359;252;False;;;7-9-2017 12:27:09;Jozef Verbrugghe;8-9-2017 07:08:10;club IZBA;false;false;false;false;false;false;false
191589;605;1;Gemengd;6;;5° Provinciale;10;;A;;Roeselare 3G;;LEBAD Kortrijk 7G;1;6-9-2017 20:00:00;6-9-2017 20:00:00;;Sporthal De Ark;2;0;1;0;15;6;412;329;False;;;7-9-2017 12:37:26;Jozef Verbrugghe;7-9-2017 19:10:59;Lebad Kortrijk;false;false;false;false;false;false;false
191589;613;1;Gemengd;6;;5° Provinciale;10;;A;;Ieper 2G;;Sportif 4G;1;7-9-2017 20:15:00;7-9-2017 20:15:00;;Sporthal Ieper;2;0;1;0;12;8;380;349;False;;;7-9-2017 22:24:10;Ieperse BC;9-9-2017 14:42:55;bc sportif vzw;false;false;false;false;false;false;false
191589;64;1;Gemengd;3;;2° Provinciale;2;;A;;Torhout 1G;;De Valkaart 2G;3;8-9-2017 20:30:00;15-9-2017 20:30:00;FA6F3DAE-E9F0-419F-96CB-5487B831D3AD;SPORTHAL Zaal A;1;1;0;0;9;10;348;361;False;;;9-9-2017 13:58:20;Albert Bossuyt Torhout;12-9-2017 09:24:07;BC De Valkaart;false;false;false;false;false;false;false
191589;634;1;Gemengd;6;;5° Provinciale;11;;B;;Gullegem 3G;;Torhout 3G;3;8-9-2017 20:30:00;8-9-2017 20:30:00;;Sporthal Gullegem;1;1;0;0;9;10;356;354;False;;;9-9-2017 09:26:23;BC Gullegem;9-9-2017 14:43:20;Albert Bossuyt Torhout;false;false;false;false;false;false;false
191589;574;1;Gemengd;5;;4° Provinciale;9;;B;;PSV 1G;;LEBAD Kortrijk 6G;2;9-9-2017 09:00:00;9-9-2017 09:00:00;;sint-lodewijkscollege;0;2;0;1;6;10;259;287;False;;;10-9-2017 18:29:20;club PSV ONA;10-9-2017 18:44:35;Lebad Kortrijk;false;false;false;false;false;false;false
191589;403;1;Gemengd;4;;3° Provinciale;6;;B;;DZ99 5G;;Gitse 2G;1;9-9-2017 09:00:00;9-9-2017 09:00:00;;Sportpunt Zwevegem;2;0;1;0;12;4;307;247;False;;;9-9-2017 13:28:55;DZ 99;27-9-2017 21:15:42;Jonas Maes Gitse;false;false;false;false;false;false;false
191589;659;1;Gemengd;6;;5° Provinciale;11;;B;;Bavikhove 1G;;Tielt 6G;1;9-9-2017 14:00:00;9-9-2017 14:00:00;;De Vlasschaard;2;0;1;0;13;6;361;328;False;;;14-9-2017 16:27:40;Badminton Bavikhoofse;14-9-2017 22:42:39;BC Tielt;false;false;false;false;false;false;false
191589;97;1;Gemengd;3;;2° Provinciale;2;;A;;DZ99 4G;;LEBAD Kortrijk 4G;2;9-9-2017 19:00:00;9-9-2017 19:00:00;921AF082-0A2C-45BB-AADF-99F9E5B13555;GAVERHAL;0;2;0;1;7;13;358;396;False;;;9-9-2017 21:28:17;DZ 99;10-9-2017 15:15:27;Lebad Kortrijk;false;false;false;false;false;false;false
191589;1326;1;Gemengd;5;;4° Provinciale;28;;C;;DZ99 6G;;LEBAD Kortrijk 5G;2;9-9-2017 19:00:00;9-9-2017 19:00:00;921AF082-0A2C-45BB-AADF-99F9E5B13555;GAVERHAL;0;2;0;1;7;11;296;311;False;;;9-9-2017 21:10:33;DZ 99;8-10-2017 11:25:59;Lebad Kortrijk;false;false;false;false;false;false;false
191589;356;1;Gemengd;4;;3° Provinciale;5;;A;;OBTC 2G;;Barloke 2G;2;9-9-2017 19:30:00;9-9-2017 19:30:00;908401B7-4A97-4C8C-B766-F979F5829975;De Spuikom;0;2;0;1;2;14;254;321;False;;;10-9-2017 14:48:54;De Oostendse Badmintonclub OBTC;10-9-2017 14:52:07;Kevin Vanhalst;false;false;false;false;false;false;false
191589;22;1;Gemengd;2;;1° Provinciale;1;;A;;Barloke 1G;;waregem 1G;3;9-9-2017 20:00:00;9-9-2017 20:00:00;;Sporthal De Barloke;1;1;0;0;12;9;379;386;False;;;10-9-2017 21:31:42;Nathan Vandenberghe;12-9-2017 22:53:07;WVBF;false;false;false;false;false;false;false
191589;553;1;Gemengd;5;;4° Provinciale;9;;B;;Barloke 3G;;Gitse 3G;1;9-9-2017 20:00:00;9-9-2017 20:00:00;;Sporthal De Barloke;2;0;1;0;14;3;345;223;False;;;10-9-2017 10:47:03;Nathan Vandenberghe;10-9-2017 20:09:01;Jonas Maes Gitse;false;false;false;false;false;false;false
191589;88;1;Gemengd;3;;2° Provinciale;2;;A;;De Valkaart 2G;;Ombesa 1G;1;10-9-2017 09:00:00;10-9-2017 09:00:00;;De Valkaart;2;0;1;0;13;6;373;295;False;;;10-9-2017 13:20:58;jonas dhondt;15-10-2017 21:31:59;bc Ombesa;false;false;false;false;false;false;false
191589;309;1;Gemengd;3;;2° Provinciale;4;;B;;Gullegem 1G;;De Valkaart 1G;2;10-9-2017 09:00:00;8-9-2017 20:30:00;;Sporthal Gullegem;0;2;0;1;2;14;212;332;True;;;10-9-2017 13:17:49;xander verplancke;23-10-2017 14:34:24;BC Gullegem;false;false;false;false;false;false;false
191589;416;1;Gemengd;4;;3° Provinciale;6;;B;;De Valkaart 3G;;Westhoek 2G;3;10-9-2017 09:00:00;26-11-2017 09:00:00;;De Valkaart;1;1;0;0;9;8;324;282;False;;;10-9-2017 20:18:08;BC De Valkaart;25-9-2017 20:42:41;Aissa Couvreur;false;false;false;false;false;false;false
191589;359;1;Gemengd;4;;3° Provinciale;5;;A;;Tielt 3G;;waregem 3G;3;10-9-2017 09:15:00;10-9-2017 09:15:00;55B75EE7-BD15-452C-B951-1E46AF00480D;DE PONTE;1;1;0;0;9;8;331;307;False;;;10-9-2017 20:56:00;BC Tielt;10-9-2017 22:53:40;Waregem BC;false;false;false;false;false;false;false
191589;332;1;Gemengd;3;;2° Provinciale;4;;B;;Tielt 2G;;OBTC 1G;2;10-9-2017 09:15:00;10-9-2017 09:15:00;55B75EE7-BD15-452C-B951-1E46AF00480D;DE PONTE;0;2;0;1;4;15;283;392;False;10-9-2017 14:41:41;BC Tielt;10-9-2017 14:47:21;BC Tielt;;;false;false;false;false;false;false;false
191589;423;1;Gemengd;4;;3° Provinciale;6;;B;;Tielt 4G;;Brugse 2G;2;10-9-2017 09:15:00;10-9-2017 09:15:00;55B75EE7-BD15-452C-B951-1E46AF00480D;DE PONTE;0;2;0;1;2;16;275;367;False;;;10-9-2017 19:19:58;BC Tielt;21-9-2017 19:25:33;Robin Dumon;false;false;false;false;false;false;false
191589;508;1;Gemengd;5;;4° Provinciale;8;;A;;IZBA 3G;;Varsenare 1G;1;10-9-2017 09:30:00;10-9-2017 09:30:00;87447D72-8330-4A20-8CA0-CE0970C07093;STEDELIJKE SPORTHAL DE KREKEL;2;0;1;0;11;7;338;291;False;;;10-9-2017 18:47:40;club IZBA;18-9-2017 21:04:02;Varsenare Badminton;false;false;false;false;false;false;false
191589;1356;1;Gemengd;5;;4° Provinciale;9;;B;;Ieper 1G;;Brugse 3G;3;10-9-2017 09:45:00;10-9-2017 09:45:00;;Sporthal Ieper;1;1;0;0;9;9;350;344;False;10-9-2017 15:21:20;Ieperse BC;10-9-2017 15:25:14;Ieperse BC;10-9-2017 23:08:55;Robin Dumon;false;false;false;false;false;false;false
191589;501;1;Gemengd;5;;4° Provinciale;8;;A;;Sportif 2G;;Brugse 4G;1;10-9-2017 13:45:00;10-9-2017 13:45:00;0F926DD4-F9DD-4618-B3BD-E044638C9D48;Gemeentelijke SPORTHAL;2;0;1;0;16;1;349;220;False;;;10-9-2017 18:28:18;bc sportif vzw;11-9-2017 19:38:52;Robin Dumon;false;false;false;false;false;false;false
191589;379;1;Gemengd;4;;3° Provinciale;5;;A;;Sportif 1G;;Roeselare 1G;1;10-9-2017 13:45:00;10-9-2017 13:45:00;0F926DD4-F9DD-4618-B3BD-E044638C9D48;Gemeentelijke SPORTHAL;2;0;1;0;10;7;323;287;False;;;13-9-2017 15:39:47;bc sportif vzw;28-11-2017 10:03:19;Jozef Verbrugghe;false;false;false;false;false;false;false
191589;1333;1;Gemengd;5;;4° Provinciale;28;;C;;Sportif 3G;;Westhoek 3G;1;10-9-2017 13:45:00;10-9-2017 13:45:00;0F926DD4-F9DD-4618-B3BD-E044638C9D48;Gemeentelijke SPORTHAL;2;0;1;0;10;8;341;320;False;;;11-9-2017 12:22:09;bc sportif vzw;11-9-2017 23:35:59;Westhoek Badminton;false;false;false;false;false;false;false
191589;36;1;Gemengd;2;;1° Provinciale;1;;A;;Westhoek 1G;;Zuidwest 1G;3;10-9-2017 14:30:00;10-9-2017 14:30:00;38D9BE2C-2CE4-4EFD-9565-9DFB2214AEDA;Sportzaal Den Oosthoek;1;1;0;0;8;9;302;224;False;;;11-9-2017 13:35:35;Westhoek Badminton;12-9-2017 22:52:36;club Zuid West;false;false;false;false;false;false;false
191589;323;1;Gemengd;3;;2° Provinciale;4;;B;;BC Oostrozebeke 2G;;LEBAD Kortrijk 3G;1;10-9-2017 17:00:00;10-9-2017 17:00:00;;Sportcentrum De Mandelmeersen;2;0;1;0;13;5;353;289;False;;;11-9-2017 20:50:46;BC Oostrozebeke;14-9-2017 12:41:22;Lebad Kortrijk;false;false;false;false;false;false;false
191589;8;1;Gemengd;2;;1° Provinciale;1;;A;;Zuidwest 2G;;Brugse 1G;2;11-9-2017 20:15:00;11-9-2017 20:15:00;EDCCACB1-AA95-46CF-9B29-9C2416941CB1;TER LINDE;0;2;0;1;5;13;272;348;False;;;12-9-2017 22:51:46;club Zuid West;12-9-2017 23:13:34;WVBF;false;false;false;false;false;false;false
191589;71;1;Gemengd;3;;2° Provinciale;2;;A;;waregem 2G;;Torhout 1G;3;11-9-2017 20:15:00;11-9-2017 20:15:00;;treffer;1;1;0;0;8;10;330;334;False;;;12-9-2017 19:24:13;Waregem BC;13-9-2017 13:10:08;Albert Bossuyt Torhout;false;false;false;false;false;false;false
191589;566;1;Gemengd;5;;4° Provinciale;9;;B;;Gitse 3G;;PSV 1G;1;15-9-2017 20:15:00;15-9-2017 20:15:00;B2CF9C8A-C7E1-44BB-A44B-F9DB7F9FB5C9;SPORTHAL OGIERLANDE;2;0;1;0;14;5;391;321;False;;;16-9-2017 07:54:56;Jonas Maes Gitse;;;false;false;false;false;false;false;false
191589;528;1;Gemengd;5;;4° Provinciale;8;;A;;Brugse 4G;;IZBA 3G;1;15-9-2017 20:30:00;15-9-2017 20:30:00;;sint-lodewijkscollege;2;0;1;0;13;6;373;333;False;;;16-9-2017 00:52:04;Robin Dumon;18-9-2017 08:31:57;club IZBA;false;false;false;false;false;false;false
191589;389;1;Gemengd;4;;3° Provinciale;5;;A;;Torhout 2G;;OBTC 2G;1;15-9-2017 20:30:00;15-9-2017 20:30:00;FA6F3DAE-E9F0-419F-96CB-5487B831D3AD;SPORTHAL Zaal A;2;0;1;0;10;7;326;301;False;;;16-9-2017 18:27:51;Albert Bossuyt Torhout;17-9-2017 15:44:48;De Oostendse Badmintonclub OBTC;false;false;false;false;false;false;false
191589;38;1;Gemengd;2;;1° Provinciale;1;;A;;Brugse 1G;;Westhoek 1G;1;15-9-2017 20:30:00;15-9-2017 20:30:00;A5FA4D61-77D8-4463-846E-1F0491AF7392;ST. LODEWIJKSCOLLEGE;2;0;1;0;16;1;355;201;False;;;16-9-2017 02:25:27;WVBF;18-9-2017 12:12:32;Westhoek Badminton;false;false;false;false;false;false;false
191589;551;1;Gemengd;5;;4° Provinciale;9;;B;;Brugse 3G;;Barloke 3G;2;15-9-2017 20:30:00;15-9-2017 20:30:00;;sint-lodewijkscollege;0;2;0;1;5;14;275;385;False;;;16-9-2017 11:40:42;Robin Dumon;16-9-2017 12:06:30;BC Barloke;false;false;false;false;false;false;false
191589;85;1;Gemengd;3;;2° Provinciale;2;;A;;Ombesa 1G;;DZ99 4G;3;16-9-2017 09:15:00;16-9-2017 09:15:00;;tempelhof;1;1;0;0;10;10;360;370;False;;;16-9-2017 14:41:58;bc Ombesa;19-9-2017 14:37:36;DZ 99;false;false;false;false;false;false;false
191589;511;1;Gemengd;5;;4° Provinciale;8;;A;;Varsenare 1G;;Roeselare 2G;1;16-9-2017 19:15:00;16-9-2017 19:15:00;;Hof Ter Straeten;2;0;1;0;12;7;338;317;False;;;18-9-2017 21:03:03;Varsenare Badminton;19-9-2017 08:30:06;Jozef Verbrugghe;false;false;false;false;false;false;false
191589;413;1;Gemengd;4;;3° Provinciale;6;;B;;Blankenbergse 1G;;Westhoek 2G;1;17-9-2017 09:00:00;17-9-2017 09:00:00;09D36743-56C5-4312-AED3-1F7DE242C6FB;DE SPORTDOZE;2;0;1;0;12;9;398;385;False;;;17-9-2017 13:56:46;BC Blankenbergse;25-9-2017 20:40:00;Aissa Couvreur;false;false;false;false;false;false;false
191589;595;1;Gemengd;6;;5° Provinciale;10;;A;;Tielt 5G;;Roeselare 3G;2;17-9-2017 09:15:00;17-9-2017 09:15:00;55B75EE7-BD15-452C-B951-1E46AF00480D;DE PONTE;0;2;0;1;5;14;268;370;False;;;18-9-2017 10:17:42;BC Tielt;19-9-2017 08:26:30;Jozef Verbrugghe;false;false;false;false;false;false;false
191589;378;1;Gemengd;4;;3° Provinciale;5;;A;;Tielt 3G;;Roeselare 1G;2;17-9-2017 09:15:00;17-9-2017 09:15:00;55B75EE7-BD15-452C-B951-1E46AF00480D;DE PONTE;0;2;0;1;6;10;276;296;False;;;17-9-2017 14:27:38;BC Tielt;19-9-2017 08:27:36;Jozef Verbrugghe;false;false;false;false;false;false;false
191589;435;1;Gemengd;4;;3° Provinciale;6;;B;;Tielt 4G;;De Valkaart 3G;2;17-9-2017 09:15:00;17-9-2017 09:15:00;55B75EE7-BD15-452C-B951-1E46AF00480D;DE PONTE;0;2;0;1;3;15;294;370;False;;;17-9-2017 22:37:36;BC Tielt;;;false;false;false;false;false;false;false
191589;75;1;Gemengd;3;;2° Provinciale;2;;A;;IZBA 2G;;waregem 2G;1;17-9-2017 09:30:00;17-9-2017 09:30:00;87447D72-8330-4A20-8CA0-CE0970C07093;STEDELIJKE SPORTHAL DE KREKEL;2;0;1;0;10;6;298;288;False;;;17-9-2017 19:17:08;club IZBA;19-9-2017 22:56:42;Waregem BC;false;false;false;false;false;false;false
191589;642;1;Gemengd;6;;5° Provinciale;11;;B;;IZBA 4G;;Westhoek 4G;2;17-9-2017 09:30:00;10-9-2017 09:30:00;87447D72-8330-4A20-8CA0-CE0970C07093;STEDELIJKE SPORTHAL DE KREKEL;0;2;0;1;5;14;328;382;False;17-9-2017 19:22:27;club IZBA;17-9-2017 19:30:08;club IZBA;19-9-2017 09:47:44;Westhoek Badminton;false;false;false;false;false;false;false
191589;1359;1;Gemengd;5;;4° Provinciale;9;;B;;Haneveld 1G;;Ieper 1G;1;17-9-2017 10:00:00;17-9-2017 10:00:00;4486FC39-5C31-409B-9164-695DE202DF4E;HAENEVELD;2;0;1;0;10;7;288;295;False;;;17-9-2017 18:48:43;Dominiek Laridon;21-9-2017 08:42:26;Ieperse BC;false;false;false;false;false;false;false
191589;519;1;Gemengd;5;;4° Provinciale;8;;A;;Sportif 2G;;Barloke 4G;1;17-9-2017 13:45:00;17-9-2017 13:45:00;0F926DD4-F9DD-4618-B3BD-E044638C9D48;Gemeentelijke SPORTHAL;2;0;1;0;11;6;312;253;False;;;18-9-2017 06:03:30;bc sportif vzw;18-9-2017 16:13:29;Nathan Vandenberghe;false;false;false;false;false;false;false
191589;1308;1;Gemengd;5;;4° Provinciale;28;;C;;Sportif 3G;;DZ99 6G;1;17-9-2017 13:45:00;17-9-2017 13:45:00;0F926DD4-F9DD-4618-B3BD-E044638C9D48;Gemeentelijke SPORTHAL;2;0;1;0;12;7;358;337;False;;;18-9-2017 12:20:42;bc sportif vzw;18-9-2017 18:55:09;DZ 99;false;false;false;false;false;false;false
191589;1323;1;Gemengd;5;;4° Provinciale;28;;C;;Westhoek 3G;;Ombesa 2G;1;17-9-2017 14:30:00;17-9-2017 14:30:00;38D9BE2C-2CE4-4EFD-9565-9DFB2214AEDA;Sportzaal Den Oosthoek;2;0;1;0;11;8;358;311;False;;;17-9-2017 18:43:14;Westhoek Badminton;15-10-2017 21:40:08;bc Ombesa;false;false;false;false;false;false;false
191589;617;1;Gemengd;6;;5° Provinciale;10;;A;;LEBAD Kortrijk 7G;;Ieper 2G;1;17-9-2017 15:15:00;16-9-2017 18:30:00;16C9C2EA-F569-4A79-804D-B3F1F59B1A4A;STED SPORTHAL;2;0;1;0;14;3;334;251;False;;;17-9-2017 20:56:48;Lebad Kortrijk;17-9-2017 21:31:22;Ieperse BC;false;false;false;false;false;false;false
191589;427;1;Gemengd;4;;3° Provinciale;6;;B;;Brugse 2G;;DZ99 5G;2;18-9-2017 20:00:00;15-9-2017 20:30:00;;sint-lodewijkscollege;0;2;0;1;11;11;423;428;False;;;18-9-2017 21:42:31;Robin Dumon;24-9-2017 22:04:39;DZ 99;false;false;false;false;false;false;false
191589;29;1;Gemengd;2;;1° Provinciale;1;;A;;Zuidwest 1G;;Barloke 1G;2;18-9-2017 20:15:00;18-9-2017 20:15:00;EDCCACB1-AA95-46CF-9B29-9C2416941CB1;TER LINDE;0;2;0;1;7;12;335;369;False;;;19-9-2017 22:55:30;club Zuid West;20-9-2017 01:06:50;Nathan Vandenberghe;false;false;false;false;false;false;false
191589;21;1;Gemengd;2;;1° Provinciale;1;;A;;Zuidwest 2G;;waregem 1G;2;18-9-2017 20:15:00;18-9-2017 20:15:00;EDCCACB1-AA95-46CF-9B29-9C2416941CB1;TER LINDE;0;2;0;1;4;14;263;358;False;;;19-9-2017 22:59:07;club Zuid West;20-9-2017 18:26:50;Waregem BC;false;false;false;false;false;false;false
191589;16;1;Gemengd;2;;1° Provinciale;1;;A;;Barloke 1G;;Zuidwest 2G;1;19-9-2017 20:15:00;23-9-2017 20:00:00;;Sporthal De Barloke;2;0;1;0;10;7;316;247;False;;;20-9-2017 10:57:39;Nathan Vandenberghe;8-11-2017 18:04:18;club Zuid West;false;false;false;false;false;false;false
191589;351;1;Gemengd;4;;3° Provinciale;5;;A;;waregem 3G;;Barloke 2G;2;19-9-2017 20:45:00;19-9-2017 20:45:00;;treffer;0;2;0;1;4;15;289;379;False;20-9-2017 10:42:57;Waregem BC;20-9-2017 10:53:20;Waregem BC;12-10-2017 08:42:24;Mercedes Van Den Eynde;false;false;false;false;false;false;false
191589;615;1;Gemengd;6;;5° Provinciale;10;;A;;Roeselare 3G;;Ieper 2G;1;20-9-2017 20:00:00;20-9-2017 20:00:00;;Sporthal De Ark;2;0;1;0;15;4;389;300;False;;;20-9-2017 23:44:07;Jozef Verbrugghe;21-9-2017 08:41:19;Ieperse BC;false;false;false;false;false;false;false
191589;383;1;Gemengd;4;;3° Provinciale;5;;A;;Torhout 2G;;Sportif 1G;2;22-9-2017 20:30:00;22-9-2017 20:30:00;FA6F3DAE-E9F0-419F-96CB-5487B831D3AD;SPORTHAL Zaal A;0;2;0;1;3;16;281;389;False;;;24-9-2017 22:52:33;Albert Bossuyt Torhout;28-9-2017 20:24:14;bc sportif vzw;false;false;false;false;false;false;false
191589;644;1;Gemengd;6;;5° Provinciale;11;;B;;Gullegem 3G;;Westhoek 4G;2;22-9-2017 20:30:00;1-12-2017 20:30:00;;Sporthal Gullegem;0;2;0;1;6;12;289;334;False;;;23-9-2017 09:11:03;BC Gullegem;24-9-2017 18:00:40;Westhoek Badminton;false;false;false;false;false;false;false
191589;646;1;Gemengd;6;;5° Provinciale;11;;B;;Torhout 3G;;Bavikhove 1G;3;22-9-2017 20:30:00;22-9-2017 20:30:00;FA6F3DAE-E9F0-419F-96CB-5487B831D3AD;SPORTHAL Zaal A;1;1;0;0;11;8;340;289;False;23-9-2017 15:50:45;Albert Bossuyt Torhout;23-9-2017 15:57:51;Albert Bossuyt Torhout;15-10-2017 00:41:34;Badminton Bavikhoofse;false;false;false;false;false;false;false
191589;1318;1;Gemengd;5;;4° Provinciale;28;;C;;Gullegem 2G;;Sportif 3G;2;22-9-2017 20:30:00;22-9-2017 20:30:00;;Sporthal Gullegem;0;2;0;1;9;11;358;367;False;;;23-9-2017 22:05:47;BC Gullegem;24-9-2017 22:26:43;bc sportif vzw;false;false;false;false;false;false;false
191589;580;1;Gemengd;5;;4° Provinciale;9;;B;;PSV 1G;;Brugse 3G;2;23-9-2017 09:00:00;23-9-2017 09:00:00;;sint-lodewijkscollege;0;2;0;1;5;13;271;348;False;23-9-2017 14:31:05;club PSV ONA;23-9-2017 14:39:12;club PSV ONA;24-9-2017 11:09:26;Robin Dumon;false;false;false;false;false;false;false
191589;1328;1;Gemengd;5;;4° Provinciale;28;;C;;Ombesa 2G;;LEBAD Kortrijk 5G;2;23-9-2017 09:15:00;23-9-2017 09:15:00;;tempelhof;0;2;0;1;4;13;272;337;False;;;24-9-2017 10:47:49;bc Ombesa;8-10-2017 11:26:15;Lebad Kortrijk;false;false;false;false;false;false;false
191589;92;1;Gemengd;3;;2° Provinciale;2;;A;;LEBAD Kortrijk 4G;;Ombesa 1G;2;23-9-2017 18:30:00;23-9-2017 18:30:00;16C9C2EA-F569-4A79-804D-B3F1F59B1A4A;STED SPORTHAL;0;2;0;1;6;11;302;331;False;24-9-2017 14:17:47;Lebad Kortrijk;24-9-2017 14:22:49;Lebad Kortrijk;15-10-2017 21:31:37;bc Ombesa;false;false;false;false;false;false;false
191589;316;1;Gemengd;3;;2° Provinciale;4;;B;;LEBAD Kortrijk 3G;;Gullegem 1G;1;23-9-2017 18:30:00;23-9-2017 18:30:00;16C9C2EA-F569-4A79-804D-B3F1F59B1A4A;STED SPORTHAL;2;0;1;0;10;10;378;349;False;;;25-9-2017 23:05:20;Lebad Kortrijk;23-10-2017 14:34:33;BC Gullegem;false;false;false;false;false;false;false
191589;72;1;Gemengd;3;;2° Provinciale;2;;A;;DZ99 4G;;Torhout 1G;1;23-9-2017 19:00:00;23-9-2017 19:00:00;921AF082-0A2C-45BB-AADF-99F9E5B13555;GAVERHAL;2;0;1;0;13;7;400;359;False;;;24-9-2017 00:09:39;DZ 99;24-9-2017 10:27:01;Albert Bossuyt Torhout;false;false;false;false;false;false;false
191589;391;1;Gemengd;4;;3° Provinciale;5;;A;;Roeselare 1G;;OBTC 2G;1;23-9-2017 19:30:00;23-9-2017 19:30:00;0932F6CA-648C-4122-92EE-371D3B484F24;SCHIERVELDE;2;0;1;0;14;4;346;273;False;;;24-9-2017 20:13:14;Jozef Verbrugghe;27-9-2017 12:36:48;De Oostendse Badmintonclub OBTC;false;false;false;false;false;false;false
191589;369;1;Gemengd;4;;3° Provinciale;5;;A;;Barloke 2G;;Tielt 3G;1;23-9-2017 20:00:00;23-9-2017 20:00:00;;Sporthal De Barloke;2;0;1;0;15;4;387;279;False;;;24-9-2017 10:03:34;Kevin Vanhalst;25-9-2017 11:59:22;BC Tielt;false;false;false;false;false;false;false
191589;57;1;Gemengd;3;;2° Provinciale;2;;A;;De Valkaart 2G;;IZBA 2G;1;24-9-2017 09:00:00;24-9-2017 09:00:00;;De Valkaart;2;0;1;0;14;5;379;335;False;;;24-9-2017 14:00:50;Matthias Verhelst;;;false;false;false;false;false;false;false
191589;302;1;Gemengd;3;;2° Provinciale;4;;B;;De Valkaart 1G;;Tielt 2G;1;24-9-2017 09:00:00;24-9-2017 09:00:00;;De Valkaart;2;0;1;0;14;7;411;381;False;;;24-9-2017 13:29:30;xander verplancke;25-9-2017 13:07:43;BC Tielt;false;false;false;false;false;false;false
191589;428;1;Gemengd;4;;3° Provinciale;6;;B;;De Valkaart 3G;;DZ99 5G;2;24-9-2017 09:00:00;24-9-2017 09:00:00;;De Valkaart;0;2;0;1;2;16;288;377;False;24-9-2017 19:30:10;Gaetane Decloedt;24-9-2017 19:34:57;Gaetane Decloedt;24-9-2017 22:06:42;DZ 99;false;false;false;false;false;false;false
191589;437;1;Gemengd;4;;3° Provinciale;6;;B;;Blankenbergse 1G;;Tielt 4G;1;24-9-2017 09:00:00;24-9-2017 09:00:00;09D36743-56C5-4312-AED3-1F7DE242C6FB;DE SPORTDOZE;2;0;1;0;13;5;357;267;False;;;24-9-2017 13:25:49;BC Blankenbergse;25-9-2017 00:02:41;BC Tielt;false;false;false;false;false;false;false
191589;606;1;Gemengd;6;;5° Provinciale;10;;A;;Tielt 5G;;LEBAD Kortrijk 7G;3;24-9-2017 09:15:00;24-9-2017 09:15:00;55B75EE7-BD15-452C-B951-1E46AF00480D;DE PONTE;1;1;0;0;10;9;343;334;False;;;25-9-2017 09:35:22;BC Tielt;25-9-2017 13:08:38;Lebad Kortrijk;false;false;false;false;false;false;false
191589;640;1;Gemengd;6;;5° Provinciale;11;;B;;Tielt 6G;;IZBA 4G;1;24-9-2017 09:15:00;24-9-2017 09:15:00;55B75EE7-BD15-452C-B951-1E46AF00480D;DE PONTE;2;0;1;0;12;7;374;319;False;;;25-9-2017 15:00:57;BC Tielt;26-9-2017 12:33:11;club IZBA;false;false;false;false;false;false;false
191589;526;1;Gemengd;5;;4° Provinciale;8;;A;;IZBA 3G;;Sportif 2G;2;24-9-2017 09:30:00;24-9-2017 09:30:00;87447D72-8330-4A20-8CA0-CE0970C07093;STEDELIJKE SPORTHAL DE KREKEL;0;2;0;1;6;13;282;366;False;;;24-9-2017 17:19:17;club IZBA;24-9-2017 19:34:27;bc sportif vzw;false;false;false;false;false;false;false
191589;548;1;Gemengd;5;;4° Provinciale;9;;B;;Haneveld 1G;;Barloke 3G;2;24-9-2017 10:00:00;24-9-2017 10:00:00;4486FC39-5C31-409B-9164-695DE202DF4E;HAENEVELD;0;2;0;1;2;15;256;349;False;;;25-9-2017 08:14:03;Dominiek Laridon;1-10-2017 21:59:03;BC Barloke;false;false;false;false;false;false;false
191589;1311;1;Gemengd;5;;4° Provinciale;28;;C;;Westhoek 3G;;DZ99 6G;1;24-9-2017 14:30:00;24-9-2017 14:30:00;38D9BE2C-2CE4-4EFD-9565-9DFB2214AEDA;Sportzaal Den Oosthoek;2;0;1;0;12;6;334;280;False;24-9-2017 23:54:32;Westhoek Badminton;25-9-2017 00:05:46;Westhoek Badminton;;;false;false;false;false;false;false;false
191589;330;1;Gemengd;3;;2° Provinciale;4;;B;;OBTC 1G;;BC Oostrozebeke 2G;1;24-9-2017 17:00:00;23-9-2017 19:30:00;908401B7-4A97-4C8C-B766-F979F5829975;De Spuikom;2;0;1;0;12;7;372;308;True;;;25-9-2017 00:32:24;BC Oostrozebeke;25-9-2017 22:17:55;WVBF;false;false;false;false;false;false;false
191589;406;1;Gemengd;4;;3° Provinciale;6;;B;;Gitse 2G;;Blankenbergse 1G;2;29-9-2017 20:15:00;29-9-2017 20:15:00;B2CF9C8A-C7E1-44BB-A44B-F9DB7F9FB5C9;SPORTHAL OGIERLANDE;0;2;0;1;8;13;376;405;False;;;30-9-2017 00:38:57;Jonas Maes Gitse;30-10-2017 21:38:39;BC Blankenbergse;false;false;false;false;false;false;false
191589;510;1;Gemengd;5;;4° Provinciale;8;;A;;Brugse 4G;;Roeselare 2G;2;29-9-2017 20:30:00;29-9-2017 20:30:00;;sint-lodewijkscollege;0;2;0;1;5;12;247;337;False;;;30-9-2017 09:16:38;Robin Dumon;8-10-2017 10:28:42;Jozef Verbrugghe;false;false;false;false;false;false;false
191589;95;1;Gemengd;3;;2° Provinciale;2;;A;;Torhout 1G;;LEBAD Kortrijk 4G;2;29-9-2017 20:30:00;29-9-2017 20:30:00;FA6F3DAE-E9F0-419F-96CB-5487B831D3AD;SPORTHAL Zaal A;0;2;0;1;9;11;362;373;False;;;30-9-2017 11:38:58;Albert Bossuyt Torhout;2-10-2017 19:05:38;Lebad Kortrijk;false;false;false;false;false;false;false
191589;32;1;Gemengd;2;;1° Provinciale;1;;A;;Brugse 1G;;Zuidwest 1G;1;29-9-2017 20:30:00;29-9-2017 20:30:00;;sint-lodewijkscollege;2;0;1;0;10;7;315;283;False;;;30-9-2017 01:31:10;WVBF;8-11-2017 18:04:30;club Zuid West;false;false;false;false;false;false;false
191589;433;1;Gemengd;4;;3° Provinciale;6;;B;;Brugse 2G;;De Valkaart 3G;1;29-9-2017 20:30:00;29-9-2017 20:30:00;;sint-lodewijkscollege;2;0;1;0;15;3;373;260;False;;;30-9-2017 01:41:03;WVBF;;;false;false;false;false;false;false;false
191589;575;1;Gemengd;5;;4° Provinciale;9;;B;;Brugse 3G;;LEBAD Kortrijk 6G;3;29-9-2017 20:30:00;29-9-2017 20:30:00;;sint-lodewijkscollege;1;1;0;0;10;9;382;326;False;;;30-9-2017 10:11:29;Robin Dumon;1-10-2017 14:16:59;Lebad Kortrijk;false;false;false;false;false;false;false
191589;638;1;Gemengd;6;;5° Provinciale;11;;B;;Bavikhove 1G;;IZBA 4G;1;30-9-2017 14:00:00;7-10-2017 14:00:00;;De Vlasschaard;2;0;1;0;10;7;266;252;False;1-10-2017 18:27:08;Badminton Bavikhoofse;1-10-2017 19:26:59;Badminton Bavikhoofse;14-10-2017 20:55:16;club IZBA;false;false;false;false;false;false;false
191589;1357;1;Gemengd;5;;4° Provinciale;9;;B;;Barloke 3G;;Ieper 1G;1;30-9-2017 20:00:00;30-9-2017 20:00:00;;Sporthal De Barloke;2;0;1;0;13;7;395;334;False;;;1-10-2017 09:18:17;BC Barloke;7-12-2017 09:42:59;Ieperse BC;false;false;false;false;false;false;false
191589;567;1;Gemengd;5;;4° Provinciale;9;;B;;Haneveld 1G;;PSV 1G;1;1-10-2017 10:00:00;1-10-2017 10:00:00;4486FC39-5C31-409B-9164-695DE202DF4E;HAENEVELD;2;0;1;0;14;4;345;257;False;;;1-10-2017 16:03:56;Dominiek Laridon;;;false;false;false;false;false;false;false
191589;556;1;Gemengd;5;;4° Provinciale;9;;B;;LEBAD Kortrijk 6G;;Gitse 3G;1;1-10-2017 15:15:00;23-9-2017 18:30:00;16C9C2EA-F569-4A79-804D-B3F1F59B1A4A;STED SPORTHAL;2;0;1;0;10;10;364;346;False;;;2-10-2017 12:42:25;Lebad Kortrijk;2-10-2017 21:06:04;Jonas Maes Gitse;false;false;false;false;false;false;false
191589;65;1;Gemengd;3;;2° Provinciale;2;;A;;waregem 2G;;De Valkaart 2G;1;2-10-2017 20:15:00;2-10-2017 20:15:00;;treffer;2;0;1;0;11;7;344;316;False;3-10-2017 16:04:43;Waregem BC;3-10-2017 16:17:01;Waregem BC;9-10-2017 20:06:03;BC De Valkaart;false;false;false;false;false;false;false
191589;524;1;Gemengd;5;;4° Provinciale;8;;A;;Roeselare 2G;;Sportif 2G;1;4-10-2017 20:00:00;4-10-2017 20:00:00;;Sporthal De Ark;2;0;1;0;10;7;318;278;False;;;5-10-2017 08:51:36;Jozef Verbrugghe;5-10-2017 20:54:20;bc sportif vzw;false;false;false;false;false;false;false
191589;603;1;Gemengd;6;;5° Provinciale;10;;A;;Ieper 2G;;Tielt 5G;2;5-10-2017 20:15:00;5-10-2017 20:15:00;;Sporthal Ieper;0;2;0;1;5;14;302;369;False;;;6-10-2017 08:31:09;Ieperse BC;9-10-2017 15:02:32;BC Tielt;false;false;false;false;false;false;false
191589;578;1;Gemengd;5;;4° Provinciale;9;;B;;Gitse 3G;;Brugse 3G;3;6-10-2017 20:15:00;6-10-2017 20:15:00;B2CF9C8A-C7E1-44BB-A44B-F9DB7F9FB5C9;SPORTHAL OGIERLANDE;1;1;0;0;9;8;321;317;False;;;8-10-2017 19:25:37;Jonas Maes Gitse;15-10-2017 14:32:13;Robin Dumon;false;false;false;false;false;false;false
191589;1336;1;Gemengd;5;;4° Provinciale;28;;C;;Gullegem 2G;;Westhoek 3G;3;6-10-2017 20:30:00;6-10-2017 20:30:00;;Sporthal Gullegem;1;1;0;0;11;9;393;376;False;;;7-10-2017 08:30:00;BC Gullegem;7-10-2017 13:55:44;Ruben Windey;false;false;false;false;false;false;false
191589;415;1;Gemengd;4;;3° Provinciale;6;;B;;DZ99 5G;;Westhoek 2G;1;7-10-2017 09:00:00;7-10-2017 09:00:00;;Sportpunt Zwevegem;2;0;1;0;15;6;422;323;False;;;8-10-2017 20:19:40;DZ 99;16-10-2017 13:16:11;Aissa Couvreur;false;false;false;false;false;false;false
191589;612;1;Gemengd;6;;5° Provinciale;10;;A;;LEBAD Kortrijk 7G;;Sportif 4G;1;7-10-2017 18:30:00;7-10-2017 18:30:00;16C9C2EA-F569-4A79-804D-B3F1F59B1A4A;STED SPORTHAL;2;0;1;0;14;2;316;225;False;9-10-2017 00:04:24;Lebad Kortrijk;9-10-2017 00:09:16;Lebad Kortrijk;15-10-2017 17:55:53;bc sportif vzw;false;false;false;false;false;false;false
191589;562;1;Gemengd;5;;4° Provinciale;9;;B;;LEBAD Kortrijk 6G;;Haneveld 1G;2;7-10-2017 18:30:00;7-10-2017 18:30:00;16C9C2EA-F569-4A79-804D-B3F1F59B1A4A;STED SPORTHAL;0;2;0;1;5;13;296;360;False;;;8-10-2017 12:24:19;Lebad Kortrijk;8-10-2017 18:03:08;Dominiek Laridon;false;false;false;false;false;false;false
191589;1316;1;Gemengd;5;;4° Provinciale;28;;C;;LEBAD Kortrijk 5G;;Sportif 3G;2;7-10-2017 18:30:00;7-10-2017 18:30:00;16C9C2EA-F569-4A79-804D-B3F1F59B1A4A;STED SPORTHAL;0;2;0;1;8;11;346;355;False;;;8-10-2017 11:29:53;Lebad Kortrijk;9-10-2017 12:15:20;bc sportif vzw;false;false;false;false;false;false;false
191589;1320;1;Gemengd;5;;4° Provinciale;28;;C;;DZ99 6G;;Ombesa 2G;2;7-10-2017 19:00:00;7-10-2017 19:00:00;921AF082-0A2C-45BB-AADF-99F9E5B13555;GAVERHAL;0;2;0;1;7;11;281;338;False;;;7-10-2017 23:40:50;DZ 99;15-10-2017 21:39:52;bc Ombesa;false;false;false;false;false;false;false
191589;354;1;Gemengd;4;;3° Provinciale;5;;A;;Roeselare 1G;;Barloke 2G;2;7-10-2017 19:30:00;7-10-2017 19:30:00;0932F6CA-648C-4122-92EE-371D3B484F24;SCHIERVELDE;0;2;0;1;6;12;322;328;False;;;8-10-2017 19:59:20;Jozef Verbrugghe;9-10-2017 07:10:03;Kevin Vanhalst;false;false;false;false;false;false;false
191589;82;1;Gemengd;3;;2° Provinciale;2;;A;;De Valkaart 2G;;DZ99 4G;1;8-10-2017 09:00:00;8-10-2017 09:00:00;;De Valkaart;2;0;1;0;11;8;359;350;False;9-10-2017 20:06:42;BC De Valkaart;9-10-2017 20:11:52;BC De Valkaart;15-10-2017 17:34:57;DZ 99;false;false;false;false;false;false;false
191589;321;1;Gemengd;3;;2° Provinciale;4;;B;;De Valkaart 1G;;LEBAD Kortrijk 3G;1;8-10-2017 09:00:00;8-10-2017 09:00:00;;De Valkaart;2;0;1;0;10;10;374;334;False;;;8-10-2017 14:08:20;xander verplancke;13-10-2017 20:45:54;Lebad Kortrijk;false;false;false;false;false;false;false
191589;384;1;Gemengd;4;;3° Provinciale;5;;A;;Tielt 3G;;Sportif 1G;2;8-10-2017 09:15:00;8-10-2017 09:15:00;55B75EE7-BD15-452C-B951-1E46AF00480D;DE PONTE;0;2;0;1;5;12;282;337;False;;;8-10-2017 13:40:28;BC Tielt;10-10-2017 11:03:01;bc sportif vzw;false;false;false;false;false;false;false
191589;326;1;Gemengd;3;;2° Provinciale;4;;B;;Tielt 2G;;BC Oostrozebeke 2G;3;8-10-2017 09:15:00;8-10-2017 09:15:00;55B75EE7-BD15-452C-B951-1E46AF00480D;DE PONTE;1;1;0;0;9;8;304;300;False;;;8-10-2017 19:26:15;BC Tielt;12-10-2017 12:04:00;BC Oostrozebeke;false;false;false;false;false;false;false
191589;87;1;Gemengd;3;;2° Provinciale;2;;A;;IZBA 2G;;Ombesa 1G;2;8-10-2017 09:30:00;8-10-2017 09:30:00;87447D72-8330-4A20-8CA0-CE0970C07093;STEDELIJKE SPORTHAL DE KREKEL;0;2;0;1;8;11;306;341;False;;;8-10-2017 12:52:26;club IZBA;15-10-2017 21:32:24;bc Ombesa;false;false;false;false;false;false;false
191589;1354;1;Gemengd;5;;4° Provinciale;9;;B;;Ieper 1G;;PSV 1G;1;8-10-2017 09:45:00;8-10-2017 09:45:00;;Sporthal Ieper;2;0;1;0;16;3;389;287;False;;;8-10-2017 15:51:02;Ieperse BC;;;false;false;false;false;false;false;false
191589;641;1;Gemengd;6;;5° Provinciale;11;;B;;Torhout 3G;;Westhoek 4G;2;8-10-2017 14:30:00;6-10-2017 20:30:00;38D9BE2C-2CE4-4EFD-9565-9DFB2214AEDA;Sportzaal Den Oosthoek;0;2;0;1;7;10;262;324;True;9-10-2017 19:13:49;Westhoek Badminton;9-10-2017 19:54:21;Westhoek Badminton;2-12-2017 20:11:32;Albert Bossuyt Torhout;false;false;false;false;false;false;false
191589;1341;1;Gemengd;5;;4° Provinciale;28;;C;;LEBAD Kortrijk 5G;;Gullegem 2G;3;8-10-2017 15:15:00;16-9-2017 18:30:00;16C9C2EA-F569-4A79-804D-B3F1F59B1A4A;STED SPORTHAL;1;1;0;0;10;9;341;327;False;;;8-10-2017 19:07:53;Lebad Kortrijk;14-10-2017 21:44:47;BC Gullegem;false;false;false;false;false;false;false
191589;96;1;Gemengd;3;;2° Provinciale;2;;A;;waregem 2G;;LEBAD Kortrijk 4G;2;9-10-2017 20:15:00;9-10-2017 20:15:00;;treffer;0;2;0;1;8;10;291;338;False;10-10-2017 12:41:16;Waregem BC;10-10-2017 12:53:23;Waregem BC;11-10-2017 19:51:53;Lebad Kortrijk;false;false;false;false;false;false;false
191589;531;1;Gemengd;5;;4° Provinciale;8;;A;;Barloke 4G;;IZBA 3G;1;10-10-2017 20:15:00;10-10-2017 20:00:00;;Sporthal De Barloke;2;0;1;0;13;6;370;314;False;;;11-10-2017 20:52:25;BC Barloke;12-10-2017 14:59:34;club IZBA;false;false;false;false;false;false;false
191589;364;1;Gemengd;4;;3° Provinciale;5;;A;;waregem 3G;;Torhout 2G;2;10-10-2017 20:45:00;10-10-2017 20:45:00;;treffer;0;2;0;1;6;13;344;367;False;11-10-2017 18:17:14;Waregem BC;11-10-2017 18:21:53;Waregem BC;14-10-2017 12:11:53;Albert Bossuyt Torhout;false;false;false;false;false;false;false
191589;560;1;Gemengd;5;;4° Provinciale;9;;B;;Gitse 3G;;Haneveld 1G;1;13-10-2017 20:15:00;13-10-2017 20:15:00;B2CF9C8A-C7E1-44BB-A44B-F9DB7F9FB5C9;SPORTHAL OGIERLANDE;2;0;1;0;10;7;301;302;False;;;14-10-2017 20:26:32;Jonas Maes Gitse;16-10-2017 20:08:53;Dominiek Laridon;false;false;false;false;false;false;false
191589;549;1;Gemengd;5;;4° Provinciale;9;;B;;PSV 1G;;Barloke 3G;2;14-10-2017 09:00:00;14-10-2017 09:00:00;;sint-lodewijkscollege;0;2;0;1;4;15;273;388;False;14-10-2017 16:58:36;club PSV ONA;14-10-2017 17:05:35;club PSV ONA;16-10-2017 00:02:54;BC Barloke;false;false;false;false;false;false;false
191589;409;1;Gemengd;4;;3° Provinciale;6;;B;;DZ99 5G;;Blankenbergse 1G;1;14-10-2017 09:00:00;14-10-2017 09:00:00;;Sportpunt Zwevegem;2;0;1;0;14;2;335;203;False;;;15-10-2017 20:56:13;DZ 99;30-10-2017 21:38:22;BC Blankenbergse;false;false;false;false;false;false;false
191589;73;1;Gemengd;3;;2° Provinciale;2;;A;;Ombesa 1G;;Torhout 1G;1;14-10-2017 09:15:00;14-10-2017 09:15:00;;tempelhof;2;0;1;0;12;8;370;343;False;;;15-10-2017 21:37:53;bc Ombesa;16-10-2017 13:31:31;Albert Bossuyt Torhout;false;false;false;false;false;false;false
191589;648;1;Gemengd;6;;5° Provinciale;11;;B;;Westhoek 4G;;Bavikhove 1G;2;14-10-2017 14:00:00;15-10-2017 14:30:00;38D9BE2C-2CE4-4EFD-9565-9DFB2214AEDA;Sportzaal Den Oosthoek;0;2;0;1;7;10;276;294;True;15-10-2017 00:34:42;Badminton Bavikhoofse;15-10-2017 00:40:13;Badminton Bavikhoofse;17-10-2017 16:26:25;Westhoek Badminton;false;false;false;false;false;false;false
191589;62;1;Gemengd;3;;2° Provinciale;2;;A;;LEBAD Kortrijk 4G;;IZBA 2G;1;14-10-2017 18:30:00;14-10-2017 18:30:00;16C9C2EA-F569-4A79-804D-B3F1F59B1A4A;STED SPORTHAL;2;0;1;0;14;4;353;300;False;15-10-2017 09:25:43;Lebad Kortrijk;15-10-2017 09:33:47;Lebad Kortrijk;;;false;false;false;false;false;false;false
191589;304;1;Gemengd;3;;2° Provinciale;4;;B;;LEBAD Kortrijk 3G;;Tielt 2G;1;14-10-2017 18:30:00;14-10-2017 18:30:00;16C9C2EA-F569-4A79-804D-B3F1F59B1A4A;STED SPORTHAL;2;0;1;0;10;7;336;312;False;15-10-2017 12:19:46;Lebad Kortrijk;15-10-2017 12:26:03;Lebad Kortrijk;15-10-2017 18:45:29;BC Tielt;false;false;false;false;false;false;false
191589;1361;1;Gemengd;5;;4° Provinciale;9;;B;;LEBAD Kortrijk 6G;;Ieper 1G;2;14-10-2017 18:30:00;14-10-2017 18:30:00;16C9C2EA-F569-4A79-804D-B3F1F59B1A4A;STED SPORTHAL;0;2;0;1;2;16;257;379;False;15-10-2017 22:00:07;Lebad Kortrijk;15-10-2017 22:08:31;Lebad Kortrijk;7-12-2017 09:43:41;Ieperse BC;false;false;false;false;false;false;false
191589;78;1;Gemengd;3;;2° Provinciale;2;;A;;DZ99 4G;;waregem 2G;1;14-10-2017 19:00:00;14-10-2017 19:00:00;921AF082-0A2C-45BB-AADF-99F9E5B13555;GAVERHAL;2;0;1;0;12;7;360;328;False;;;15-10-2017 17:39:26;DZ 99;21-11-2017 08:09:04;Waregem BC;false;false;false;false;false;false;false
191589;498;1;Gemengd;5;;4° Provinciale;8;;A;;Varsenare 1G;;Brugse 4G;2;14-10-2017 19:15:00;14-10-2017 19:15:00;;Hof Ter Straeten;0;2;0;1;9;10;373;353;False;;;15-10-2017 17:27:22;Varsenare Badminton;18-10-2017 08:38:39;Robin Dumon;false;false;false;false;false;false;false
191589;374;1;Gemengd;4;;3° Provinciale;5;;A;;OBTC 2G;;Tielt 3G;2;14-10-2017 19:30:00;14-10-2017 19:30:00;908401B7-4A97-4C8C-B766-F979F5829975;De Spuikom;0;2;0;1;5;13;303;362;False;;;15-10-2017 19:26:27;De Oostendse Badmintonclub OBTC;16-10-2017 19:54:29;WVBF;false;false;false;false;false;false;false
191589;312;1;Gemengd;3;;2° Provinciale;4;;B;;OBTC 1G;;De Valkaart 1G;1;14-10-2017 19:30:00;14-10-2017 19:30:00;908401B7-4A97-4C8C-B766-F979F5829975;De Spuikom;2;0;1;0;14;5;379;287;False;;;15-10-2017 07:48:19;De Oostendse Badmintonclub OBTC;16-10-2017 08:35:50;xander verplancke;false;false;false;false;false;false;false
191589;363;1;Gemengd;4;;3° Provinciale;5;;A;;Barloke 2G;;Torhout 2G;1;14-10-2017 20:00:00;14-10-2017 20:00:00;;Sporthal De Barloke;2;0;1;0;16;2;373;263;False;;;15-10-2017 18:33:23;Kevin Vanhalst;24-10-2017 20:32:10;Albert Bossuyt Torhout;false;false;false;false;false;false;false
191589;10;1;Gemengd;2;;1° Provinciale;1;;A;;Barloke 1G;;Brugse 1G;3;14-10-2017 20:00:00;14-10-2017 20:00:00;;Sporthal De Barloke;1;1;0;0;9;9;320;336;False;;;15-10-2017 21:26:39;Nathan Vandenberghe;15-10-2017 23:52:13;WVBF;false;false;false;false;false;false;false
191589;404;1;Gemengd;4;;3° Provinciale;6;;B;;De Valkaart 3G;;Gitse 2G;2;15-10-2017 09:00:00;15-10-2017 09:00:00;;De Valkaart;0;2;0;1;8;12;337;389;False;;;16-10-2017 11:02:12;Claude Debaere;18-10-2017 08:01:19;Jonas Maes Gitse;false;false;false;false;false;false;false
191589;635;1;Gemengd;6;;5° Provinciale;11;;B;;Tielt 6G;;Torhout 3G;1;15-10-2017 09:15:00;15-10-2017 09:15:00;55B75EE7-BD15-452C-B951-1E46AF00480D;DE PONTE;2;0;1;0;12;6;346;288;False;;;16-10-2017 10:35:48;BC Tielt;2-12-2017 20:11:04;Albert Bossuyt Torhout;false;false;false;false;false;false;false
191589;514;1;Gemengd;5;;4° Provinciale;8;;A;;IZBA 3G;;Roeselare 2G;2;15-10-2017 09:30:00;15-10-2017 09:30:00;87447D72-8330-4A20-8CA0-CE0970C07093;STEDELIJKE SPORTHAL DE KREKEL;0;2;0;1;5;12;256;344;False;;;15-10-2017 19:20:26;club IZBA;16-10-2017 14:24:20;Jozef Verbrugghe;false;false;false;false;false;false;false
191589;652;1;Gemengd;6;;5° Provinciale;11;;B;;IZBA 4G;;Gullegem 3G;1;15-10-2017 09:30:00;15-10-2017 09:30:00;87447D72-8330-4A20-8CA0-CE0970C07093;STEDELIJKE SPORTHAL DE KREKEL;2;0;1;0;11;8;360;326;False;15-10-2017 12:56:48;club IZBA;15-10-2017 13:02:26;club IZBA;15-10-2017 18:06:06;BC Gullegem;false;false;false;false;false;false;false
191589;597;1;Gemengd;6;;5° Provinciale;10;;A;;Sportif 4G;;Roeselare 3G;2;15-10-2017 13:45:00;15-10-2017 13:45:00;0F926DD4-F9DD-4618-B3BD-E044638C9D48;Gemeentelijke SPORTHAL;0;2;0;1;1;16;192;347;False;;;15-10-2017 18:05:24;bc sportif vzw;15-10-2017 18:33:57;Jozef Verbrugghe;false;false;false;false;false;false;false
191589;361;1;Gemengd;4;;3° Provinciale;5;;A;;Sportif 1G;;waregem 3G;1;15-10-2017 13:45:00;15-10-2017 13:45:00;0F926DD4-F9DD-4618-B3BD-E044638C9D48;Gemeentelijke SPORTHAL;2;0;1;0;15;2;344;202;False;;;17-10-2017 18:30:26;bc sportif vzw;17-10-2017 22:42:00;Waregem BC;false;false;false;false;false;false;false
191589;1321;1;Gemengd;5;;4° Provinciale;28;;C;;Sportif 3G;;Ombesa 2G;3;15-10-2017 13:45:00;15-10-2017 13:45:00;0F926DD4-F9DD-4618-B3BD-E044638C9D48;Gemeentelijke SPORTHAL;1;1;0;0;11;10;369;379;False;;;15-10-2017 20:39:09;bc sportif vzw;15-10-2017 21:40:23;bc Ombesa;false;false;false;false;false;false;false
191589;438;1;Gemengd;4;;3° Provinciale;6;;B;;Westhoek 2G;;Tielt 4G;1;15-10-2017 14:30:00;15-10-2017 14:30:00;38D9BE2C-2CE4-4EFD-9565-9DFB2214AEDA;Sportzaal Den Oosthoek;2;0;1;0;14;4;369;299;False;;;16-10-2017 13:15:30;Aissa Couvreur;22-10-2017 23:08:54;BC Tielt;false;false;false;false;false;false;false
191589;1329;1;Gemengd;5;;4° Provinciale;28;;C;;Westhoek 3G;;LEBAD Kortrijk 5G;2;15-10-2017 14:30:00;15-10-2017 14:30:00;38D9BE2C-2CE4-4EFD-9565-9DFB2214AEDA;Sportzaal Den Oosthoek;0;2;0;1;4;14;249;362;False;;;15-10-2017 19:02:53;Westhoek Badminton;;;false;false;false;false;false;false;false
191589;317;1;Gemengd;3;;2° Provinciale;4;;B;;BC Oostrozebeke 2G;;Gullegem 1G;1;15-10-2017 17:00:00;15-10-2017 17:00:00;;Sportcentrum De Mandelmeersen;2;0;1;0;11;7;351;337;False;;;16-10-2017 11:17:41;BC Oostrozebeke;23-10-2017 14:34:40;BC Gullegem;false;false;false;false;false;false;false
191589;39;1;Gemengd;2;;1° Provinciale;1;;A;;Zuidwest 2G;;Westhoek 1G;1;16-10-2017 20:15:00;16-10-2017 20:15:00;EDCCACB1-AA95-46CF-9B29-9C2416941CB1;TER LINDE;2;0;1;0;14;4;358;293;False;;;18-10-2017 12:14:50;club Zuid West;18-12-2017 10:28:39;Westhoek Badminton;false;false;false;false;false;false;false
191589;34;1;Gemengd;2;;1° Provinciale;1;;A;;waregem 1G;;Zuidwest 1G;1;16-10-2017 20:15:00;16-10-2017 20:15:00;;treffer;2;0;1;0;11;6;326;293;False;;;17-10-2017 19:57:14;Waregem BC;8-11-2017 18:04:41;club Zuid West;false;false;false;false;false;false;false
191589;518;1;Gemengd;5;;4° Provinciale;8;;A;;Roeselare 2G;;Barloke 4G;3;18-10-2017 20:00:00;18-10-2017 20:00:00;;Sporthal De Ark;1;1;0;0;9;9;320;341;False;;;19-10-2017 11:53:33;Jozef Verbrugghe;20-10-2017 16:03:05;Nathan Vandenberghe;false;false;false;false;false;false;false
191589;418;1;Gemengd;4;;3° Provinciale;6;;B;;Gitse 2G;;Brugse 2G;2;20-10-2017 20:15:00;20-10-2017 20:15:00;B2CF9C8A-C7E1-44BB-A44B-F9DB7F9FB5C9;SPORTHAL OGIERLANDE;0;2;0;1;9;11;350;380;False;;;21-10-2017 10:51:33;Jonas Maes Gitse;;;false;false;false;false;false;false;false
191589;371;1;Gemengd;4;;3° Provinciale;5;;A;;Torhout 2G;;Tielt 3G;2;20-10-2017 20:30:00;20-10-2017 20:30:00;FA6F3DAE-E9F0-419F-96CB-5487B831D3AD;SPORTHAL Zaal A;0;2;0;1;8;11;328;354;False;;;26-10-2017 01:09:44;Albert Bossuyt Torhout;;;false;false;false;false;false;false;false
191589;1338;1;Gemengd;5;;4° Provinciale;28;;C;;DZ99 6G;;Gullegem 2G;3;21-10-2017 19:00:00;14-10-2017 19:00:00;921AF082-0A2C-45BB-AADF-99F9E5B13555;GAVERHAL;1;1;0;0;10;9;346;347;False;22-10-2017 08:21:56;DZ 99;22-10-2017 08:29:25;DZ 99;22-10-2017 21:00:35;BC Gullegem;false;false;false;false;false;false;false
191589;386;1;Gemengd;4;;3° Provinciale;5;;A;;OBTC 2G;;Sportif 1G;2;21-10-2017 19:30:00;21-10-2017 19:30:00;908401B7-4A97-4C8C-B766-F979F5829975;De Spuikom;0;2;0;1;5;12;293;330;False;;;22-10-2017 12:13:39;De Oostendse Badmintonclub OBTC;23-10-2017 14:53:10;bc sportif vzw;false;false;false;false;false;false;false
191589;429;1;Gemengd;4;;3° Provinciale;6;;B;;Tielt 4G;;DZ99 5G;2;22-10-2017 09:15:00;22-10-2017 09:15:00;55B75EE7-BD15-452C-B951-1E46AF00480D;DE PONTE;0;2;0;1;2;16;270;378;False;;;22-10-2017 21:31:04;BC Tielt;23-10-2017 23:34:46;DZ 99;false;false;false;false;false;false;false
191589;81;1;Gemengd;3;;2° Provinciale;2;;A;;IZBA 2G;;DZ99 4G;3;22-10-2017 09:30:00;1-10-2017 09:30:00;87447D72-8330-4A20-8CA0-CE0970C07093;STEDELIJKE SPORTHAL DE KREKEL;1;1;0;0;9;9;317;332;False;;;22-10-2017 13:13:13;club IZBA;26-11-2017 00:43:50;DZ 99;false;false;false;false;false;false;false
191589;408;1;Gemengd;4;;3° Provinciale;6;;B;;Brugse 2G;;Blankenbergse 1G;2;23-10-2017 20:00:00;22-12-2017 20:30:00;;sint-lodewijkscollege;0;2;0;1;8;14;392;440;False;;;24-10-2017 12:38:12;Robin Dumon;30-10-2017 21:37:57;BC Blankenbergse;false;false;false;false;false;false;false
191589;376;1;Gemengd;4;;3° Provinciale;5;;A;;waregem 3G;;Roeselare 1G;2;24-10-2017 20:45:00;24-10-2017 20:45:00;;treffer;0;2;0;1;7;11;288;343;False;25-10-2017 09:17:01;Waregem BC;25-10-2017 09:23:25;Waregem BC;28-11-2017 10:03:42;Jozef Verbrugghe;false;false;false;false;false;false;false
191589;355;1;Gemengd;4;;3° Provinciale;5;;A;;Sportif 1G;;Barloke 2G;3;26-10-2017 20:30:00;29-10-2017 13:45:00;0F926DD4-F9DD-4618-B3BD-E044638C9D48;Gemeentelijke SPORTHAL;1;1;0;0;9;10;321;348;False;;;27-10-2017 12:02:52;bc sportif vzw;27-10-2017 12:39:48;Kevin Vanhalst;false;false;false;false;false;false;false
191589;1358;1;Gemengd;5;;4° Provinciale;9;;B;;Gitse 3G;;Ieper 1G;2;27-10-2017 20:15:00;27-10-2017 20:15:00;B2CF9C8A-C7E1-44BB-A44B-F9DB7F9FB5C9;SPORTHAL OGIERLANDE;0;2;0;1;7;12;335;371;False;;;28-10-2017 18:40:25;Jonas Maes Gitse;7-12-2017 11:08:33;Ieperse BC;false;false;false;false;false;false;false
191589;377;1;Gemengd;4;;3° Provinciale;5;;A;;Torhout 2G;;Roeselare 1G;2;27-10-2017 20:30:00;27-10-2017 20:30:00;FA6F3DAE-E9F0-419F-96CB-5487B831D3AD;SPORTHAL Zaal A;0;2;0;1;3;15;303;364;False;;;29-10-2017 10:57:45;Albert Bossuyt Torhout;28-11-2017 10:04:04;Jozef Verbrugghe;false;false;false;false;false;false;false
191589;334;1;Gemengd;3;;2° Provinciale;4;;B;;Gullegem 1G;;OBTC 1G;2;27-10-2017 20:30:00;27-10-2017 20:30:00;;Sporthal Gullegem;0;2;0;1;4;15;275;380;False;;;28-10-2017 15:47:12;BC Gullegem;29-10-2017 09:23:33;De Oostendse Badmintonclub OBTC;false;false;false;false;false;false;false
191589;660;1;Gemengd;6;;5° Provinciale;11;;B;;Gullegem 3G;;Tielt 6G;3;27-10-2017 20:30:00;27-10-2017 20:30:00;;Sporthal Gullegem;1;1;0;0;9;9;321;305;False;;;28-10-2017 11:12:23;BC Gullegem;28-10-2017 18:03:24;BC Tielt;false;false;false;false;false;false;false
191589;401;1;Gemengd;4;;3° Provinciale;6;;B;;Westhoek 2G;;Gitse 2G;1;29-10-2017 14:30:00;29-10-2017 14:30:00;38D9BE2C-2CE4-4EFD-9565-9DFB2214AEDA;Sportzaal Den Oosthoek;2;0;1;0;16;2;376;253;False;;;30-10-2017 08:42:16;Aissa Couvreur;30-10-2017 20:23:57;Jonas Maes Gitse;false;false;false;false;false;false;false
191589;388;1;Gemengd;4;;3° Provinciale;5;;A;;waregem 3G;;OBTC 2G;3;31-10-2017 20:45:00;31-10-2017 20:45:00;;treffer;1;1;0;0;10;8;330;312;False;6-11-2017 23:18:01;Waregem BC;6-11-2017 23:24:13;Waregem BC;19-11-2017 20:32:57;De Oostendse Badmintonclub OBTC;false;false;false;false;false;false;false
191589;33;1;Gemengd;2;;1° Provinciale;1;;A;;Zuidwest 2G;;Zuidwest 1G;2;6-11-2017 20:15:00;6-11-2017 20:15:00;EDCCACB1-AA95-46CF-9B29-9C2416941CB1;TER LINDE;0;2;0;1;5;12;298;318;False;;;8-11-2017 18:03:29;club Zuid West;22-12-2017 23:11:49;club Zuid West;false;false;false;false;false;false;false
191589;14;1;Gemengd;2;;1° Provinciale;1;;A;;Brugse 1G;;Zuidwest 2G;3;10-11-2017 20:30:00;10-11-2017 20:30:00;;sint-lodewijkscollege;1;1;0;0;8;8;282;266;False;;;11-11-2017 02:01:22;WVBF;22-12-2017 23:11:58;club Zuid West;false;false;false;false;false;false;false
191589;352;1;Gemengd;4;;3° Provinciale;5;;A;;Torhout 2G;;Barloke 2G;2;10-11-2017 20:30:00;10-11-2017 20:30:00;FA6F3DAE-E9F0-419F-96CB-5487B831D3AD;SPORTHAL Zaal A;0;2;0;1;3;15;261;376;False;;;11-11-2017 20:19:14;Albert Bossuyt Torhout;16-11-2017 20:20:43;Kevin Vanhalst;false;false;false;false;false;false;false
191589;522;1;Gemengd;5;;4° Provinciale;8;;A;;Brugse 4G;;Sportif 2G;2;10-11-2017 20:30:00;10-11-2017 20:30:00;;sint-lodewijkscollege;0;2;0;1;7;12;314;374;False;;;11-11-2017 00:46:44;Robin Dumon;12-11-2017 16:49:16;bc sportif vzw;false;false;false;false;false;false;false
191589;414;1;Gemengd;4;;3° Provinciale;6;;B;;Brugse 2G;;Westhoek 2G;1;10-11-2017 20:30:00;10-11-2017 20:30:00;;sint-lodewijkscollege;2;0;1;0;14;5;387;294;False;;;11-11-2017 02:07:20;WVBF;20-12-2017 10:50:28;Aissa Couvreur;false;false;false;false;false;false;false
191589;557;1;Gemengd;5;;4° Provinciale;9;;B;;Brugse 3G;;Gitse 3G;1;10-11-2017 20:30:00;10-11-2017 20:30:00;;sint-lodewijkscollege;2;0;1;0;14;4;362;283;False;;;11-11-2017 02:13:57;WVBF;12-11-2017 21:10:54;Jonas Maes Gitse;false;false;false;false;false;false;false
191589;94;1;Gemengd;3;;2° Provinciale;2;;A;;De Valkaart 2G;;LEBAD Kortrijk 4G;3;12-11-2017 09:00:00;12-11-2017 09:00:00;;De Valkaart;1;1;0;0;11;10;389;377;False;13-11-2017 20:58:15;BC De Valkaart;13-11-2017 21:05:00;BC De Valkaart;16-11-2017 20:13:33;Lebad Kortrijk;false;false;false;false;false;false;false
191589;333;1;Gemengd;3;;2° Provinciale;4;;B;;De Valkaart 1G;;OBTC 1G;3;12-11-2017 09:00:00;26-11-2017 09:00:00;;De Valkaart;1;1;0;0;10;11;391;397;False;;;12-11-2017 18:35:04;xander verplancke;;;false;false;false;false;false;false;false
191589;431;1;Gemengd;4;;3° Provinciale;6;;B;;Blankenbergse 1G;;De Valkaart 3G;2;12-11-2017 09:00:00;12-11-2017 09:00:00;09D36743-56C5-4312-AED3-1F7DE242C6FB;DE SPORTDOZE;0;2;0;1;8;13;356;398;False;;;12-11-2017 16:45:12;BC Blankenbergse;;;false;false;false;false;false;false;false
191589;390;1;Gemengd;4;;3° Provinciale;5;;A;;Tielt 3G;;OBTC 2G;1;12-11-2017 09:15:00;12-11-2017 09:15:00;55B75EE7-BD15-452C-B951-1E46AF00480D;DE PONTE;2;0;1;0;16;1;355;203;False;;;12-11-2017 14:33:21;BC Tielt;19-11-2017 20:33:44;De Oostendse Badmintonclub OBTC;false;false;false;false;false;false;false
191589;405;1;Gemengd;4;;3° Provinciale;6;;B;;Tielt 4G;;Gitse 2G;3;12-11-2017 09:15:00;12-11-2017 09:15:00;55B75EE7-BD15-452C-B951-1E46AF00480D;DE PONTE;1;1;0;0;9;9;321;332;False;;;12-11-2017 14:22:47;BC Tielt;13-11-2017 21:04:07;Jonas Maes Gitse;false;false;false;false;false;false;false
191589;69;1;Gemengd;3;;2° Provinciale;2;;A;;IZBA 2G;;Torhout 1G;3;12-11-2017 09:30:00;12-11-2017 09:30:00;87447D72-8330-4A20-8CA0-CE0970C07093;STEDELIJKE SPORTHAL DE KREKEL;1;1;0;0;9;9;332;337;False;12-11-2017 12:57:33;club IZBA;12-11-2017 13:04:03;club IZBA;13-11-2017 16:40:10;Albert Bossuyt Torhout;false;false;false;false;false;false;false
191589;1351;1;Gemengd;5;;4° Provinciale;9;;B;;Ieper 1G;;Barloke 3G;2;12-11-2017 09:45:00;12-11-2017 09:45:00;;Sporthal Ieper;0;2;0;1;8;11;344;361;False;;;14-11-2017 17:44:37;Ieperse BC;1-12-2017 19:36:25;WVBF;false;false;false;false;false;false;false
191589;573;1;Gemengd;5;;4° Provinciale;9;;B;;Haneveld 1G;;LEBAD Kortrijk 6G;1;12-11-2017 10:00:00;12-11-2017 10:00:00;4486FC39-5C31-409B-9164-695DE202DF4E;HAENEVELD;2;0;1;0;13;7;380;339;False;;;12-11-2017 16:23:53;Dominiek Laridon;13-11-2017 17:46:58;Lebad Kortrijk;false;false;false;false;false;false;false
191589;24;1;Gemengd;2;;1° Provinciale;1;;A;;Westhoek 1G;;waregem 1G;2;12-11-2017 14:30:00;12-11-2017 14:30:00;38D9BE2C-2CE4-4EFD-9565-9DFB2214AEDA;Sportzaal Den Oosthoek;0;2;0;1;5;14;310;382;False;;;12-11-2017 21:37:02;Westhoek Badminton;20-11-2017 18:57:05;Waregem BC;false;false;false;false;false;false;false
191589;653;1;Gemengd;6;;5° Provinciale;11;;B;;Westhoek 4G;;Gullegem 3G;2;12-11-2017 14:30:00;24-9-2017 14:30:00;38D9BE2C-2CE4-4EFD-9565-9DFB2214AEDA;Sportzaal Den Oosthoek;0;2;0;1;7;12;317;331;False;12-11-2017 22:28:11;Westhoek Badminton;12-11-2017 22:35:46;Westhoek Badminton;13-11-2017 07:57:37;BC Gullegem;false;false;false;false;false;false;false
191589;90;1;Gemengd;3;;2° Provinciale;2;;A;;waregem 2G;;Ombesa 1G;1;13-11-2017 20:15:00;13-11-2017 20:15:00;;treffer;2;0;1;0;10;8;325;291;False;;;14-11-2017 17:53:27;Waregem BC;19-11-2017 14:12:33;bc Ombesa;false;false;false;false;false;false;false
191589;506;1;Gemengd;5;;4° Provinciale;8;;A;;Barloke 4G;;Varsenare 1G;1;14-11-2017 20:15:00;14-11-2017 20:00:00;;Sporthal De Barloke;2;0;1;0;13;5;353;259;False;;;15-11-2017 20:18:15;BC Barloke;10-12-2017 10:51:58;Varsenare Badminton;false;false;false;false;false;false;false
191589;631;1;Gemengd;6;;5° Provinciale;11;;B;;IZBA 4G;;Torhout 3G;1;15-11-2017 20:00:00;19-11-2017 09:30:00;87447D72-8330-4A20-8CA0-CE0970C07093;STEDELIJKE SPORTHAL DE KREKEL;2;0;1;0;16;4;397;308;False;16-11-2017 08:19:28;club IZBA;16-11-2017 08:24:03;club IZBA;2-12-2017 20:09:33;Albert Bossuyt Torhout;false;false;false;false;false;false;false
191589;77;1;Gemengd;3;;2° Provinciale;2;;A;;Torhout 1G;;waregem 2G;1;17-11-2017 20:30:00;17-11-2017 20:30:00;FA6F3DAE-E9F0-419F-96CB-5487B831D3AD;SPORTHAL Zaal A;2;0;1;0;14;5;384;309;False;;;18-11-2017 10:59:38;Albert Bossuyt Torhout;21-11-2017 08:05:04;Waregem BC;false;false;false;false;false;false;false
191589;1324;1;Gemengd;5;;4° Provinciale;28;;C;;Gullegem 2G;;Ombesa 2G;3;17-11-2017 20:30:00;17-11-2017 20:30:00;;Sporthal Gullegem;1;1;0;0;9;8;303;324;False;;;18-11-2017 08:39:12;BC Gullegem;19-11-2017 14:16:52;bc Ombesa;false;false;false;false;false;false;false
191589;555;1;Gemengd;5;;4° Provinciale;9;;B;;PSV 1G;;Gitse 3G;2;18-11-2017 09:00:00;18-11-2017 09:00:00;;sint-lodewijkscollege;0;2;0;1;7;12;323;353;False;18-11-2017 13:42:46;club PSV ONA;18-11-2017 13:48:47;club PSV ONA;19-11-2017 09:09:05;Jonas Maes Gitse;false;false;false;false;false;false;false
191589;67;1;Gemengd;3;;2° Provinciale;2;;A;;Ombesa 1G;;De Valkaart 2G;1;18-11-2017 09:15:00;18-11-2017 09:15:00;;tempelhof;2;0;1;0;11;8;354;343;False;;;19-11-2017 14:11:23;bc Ombesa;;;false;false;false;false;false;false;false
191589;654;1;Gemengd;6;;5° Provinciale;11;;B;;Bavikhove 1G;;Gullegem 3G;2;18-11-2017 14:00:00;18-11-2017 14:00:00;;De Vlasschaard;0;2;0;1;6;10;279;282;False;18-11-2017 15:51:13;Badminton Bavikhoofse;18-11-2017 15:56:59;Badminton Bavikhoofse;19-11-2017 10:24:42;BC Gullegem;false;false;false;false;false;false;false
191589;596;1;Gemengd;6;;5° Provinciale;10;;A;;LEBAD Kortrijk 7G;;Roeselare 3G;1;18-11-2017 18:30:00;18-11-2017 18:30:00;16C9C2EA-F569-4A79-804D-B3F1F59B1A4A;STED SPORTHAL;2;0;1;0;13;5;346;298;False;;;19-11-2017 10:49:56;Lebad Kortrijk;28-11-2017 10:04:33;Jozef Verbrugghe;false;false;false;false;false;false;false
191589;1310;1;Gemengd;5;;4° Provinciale;28;;C;;LEBAD Kortrijk 5G;;DZ99 6G;1;18-11-2017 18:30:00;18-11-2017 18:30:00;16C9C2EA-F569-4A79-804D-B3F1F59B1A4A;STED SPORTHAL;2;0;1;0;13;4;341;272;False;;;19-11-2017 21:26:48;Lebad Kortrijk;26-11-2017 08:51:38;DZ 99;false;false;false;false;false;false;false
191589;372;1;Gemengd;4;;3° Provinciale;5;;A;;Roeselare 1G;;Tielt 3G;2;18-11-2017 19:30:00;18-11-2017 19:30:00;0932F6CA-648C-4122-92EE-371D3B484F24;SCHIERVELDE;0;2;0;1;6;14;345;379;False;;;19-11-2017 18:23:46;Jozef Verbrugghe;21-11-2017 11:06:42;WVBF;false;false;false;false;false;false;false
191589;368;1;Gemengd;4;;3° Provinciale;5;;A;;OBTC 2G;;Torhout 2G;2;18-11-2017 19:30:00;18-11-2017 19:30:00;908401B7-4A97-4C8C-B766-F979F5829975;De Spuikom;0;2;0;1;4;12;233;310;False;;;19-11-2017 20:39:52;De Oostendse Badmintonclub OBTC;20-11-2017 19:38:12;Albert Bossuyt Torhout;false;false;false;false;false;false;false
191589;324;1;Gemengd;3;;2° Provinciale;4;;B;;OBTC 1G;;LEBAD Kortrijk 3G;1;18-11-2017 19:30:00;18-11-2017 19:30:00;908401B7-4A97-4C8C-B766-F979F5829975;De Spuikom;2;0;1;0;14;5;373;288;False;;;18-11-2017 23:04:22;De Oostendse Badmintonclub OBTC;28-11-2017 19:27:02;Lebad Kortrijk;false;false;false;false;false;false;false
191589;357;1;Gemengd;4;;3° Provinciale;5;;A;;Barloke 2G;;waregem 3G;1;18-11-2017 20:00:00;18-11-2017 20:00:00;;Sporthal De Barloke;2;0;1;0;16;1;349;185;False;;;19-11-2017 00:54:25;Kevin Vanhalst;20-11-2017 14:31:25;Waregem BC;false;false;false;false;false;false;false
191589;529;1;Gemengd;5;;4° Provinciale;8;;A;;Varsenare 1G;;IZBA 3G;1;18-11-2017 20:00:00;25-11-2017 19:15:00;;Sporthal Jabbeke;2;0;1;0;11;9;356;342;False;;;19-11-2017 21:16:26;Varsenare Badminton;21-11-2017 10:13:52;club IZBA;false;false;false;false;false;false;false
191589;441;1;Gemengd;4;;3° Provinciale;6;;B;;De Valkaart 3G;;Tielt 4G;1;19-11-2017 09:00:00;19-11-2017 09:00:00;;De Valkaart;2;0;1;0;12;7;366;319;False;;;19-11-2017 20:18:36;Claude Debaere;;;false;false;false;false;false;false;false
191589;611;1;Gemengd;6;;5° Provinciale;10;;A;;Tielt 5G;;Sportif 4G;1;19-11-2017 09:15:00;19-11-2017 09:15:00;55B75EE7-BD15-452C-B951-1E46AF00480D;DE PONTE;2;0;1;0;13;6;374;307;False;19-11-2017 15:56:07;BC Tielt;19-11-2017 16:00:35;BC Tielt;25-11-2017 13:16:22;bc sportif vzw;false;false;false;false;false;false;false
191589;645;1;Gemengd;6;;5° Provinciale;11;;B;;Tielt 6G;;Westhoek 4G;1;19-11-2017 09:15:00;19-11-2017 09:15:00;55B75EE7-BD15-452C-B951-1E46AF00480D;DE PONTE;2;0;1;0;14;3;346;237;False;;;19-11-2017 15:26:21;BC Tielt;25-11-2017 11:23:41;Westhoek Badminton;false;false;false;false;false;false;false
191589;314;1;Gemengd;3;;2° Provinciale;4;;B;;Tielt 2G;;Gullegem 1G;1;19-11-2017 09:15:00;19-11-2017 09:15:00;55B75EE7-BD15-452C-B951-1E46AF00480D;DE PONTE;2;0;1;0;16;2;364;283;False;;;19-11-2017 14:00:35;BC Tielt;25-11-2017 15:13:09;BC Gullegem;false;false;false;false;false;false;false
191589;579;1;Gemengd;5;;4° Provinciale;9;;B;;Haneveld 1G;;Brugse 3G;2;19-11-2017 10:00:00;19-11-2017 10:00:00;4486FC39-5C31-409B-9164-695DE202DF4E;HAENEVELD;0;2;0;1;6;12;308;335;False;;;19-11-2017 13:54:41;Dominiek Laridon;;;false;false;false;false;false;false;false
191589;407;1;Gemengd;4;;3° Provinciale;6;;B;;Westhoek 2G;;Blankenbergse 1G;1;19-11-2017 14:30:00;19-11-2017 14:30:00;38D9BE2C-2CE4-4EFD-9565-9DFB2214AEDA;Sportzaal Den Oosthoek;2;0;1;0;13;5;365;302;False;;;19-11-2017 19:50:04;Aissa Couvreur;5-12-2017 21:22:32;BC Blankenbergse;false;false;false;false;false;false;false
191589;1317;1;Gemengd;5;;4° Provinciale;28;;C;;Westhoek 3G;;Sportif 3G;1;19-11-2017 14:30:00;19-11-2017 14:30:00;38D9BE2C-2CE4-4EFD-9565-9DFB2214AEDA;Sportzaal Den Oosthoek;2;0;1;0;11;6;312;268;False;;;19-11-2017 23:23:29;Ruben Windey;21-11-2017 21:09:51;bc sportif vzw;false;false;false;false;false;false;false
191589;86;1;Gemengd;3;;2° Provinciale;2;;A;;LEBAD Kortrijk 4G;;DZ99 4G;3;19-11-2017 15:15:00;18-11-2017 18:30:00;16C9C2EA-F569-4A79-804D-B3F1F59B1A4A;STED SPORTHAL;1;1;0;0;9;11;378;387;False;21-11-2017 20:07:50;Lebad Kortrijk;21-11-2017 20:13:09;Lebad Kortrijk;26-11-2017 00:44:09;DZ 99;false;false;false;false;false;false;false
191589;311;1;Gemengd;3;;2° Provinciale;4;;B;;BC Oostrozebeke 2G;;De Valkaart 1G;2;19-11-2017 17:00:00;19-11-2017 17:00:00;;Sportcentrum De Mandelmeersen;0;2;0;1;7;13;326;400;False;;;20-11-2017 17:29:34;BC Oostrozebeke;21-11-2017 11:29:01;xander verplancke;false;false;false;false;false;false;false
191589;28;1;Gemengd;2;;1° Provinciale;1;;A;;waregem 1G;;Barloke 1G;1;20-11-2017 20:15:00;20-11-2017 20:15:00;;treffer;2;0;1;0;11;7;348;313;False;;;20-11-2017 23:58:34;Waregem BC;21-11-2017 18:57:45;Nathan Vandenberghe;false;false;false;false;false;false;false
191589;42;1;Gemengd;2;;1° Provinciale;1;;A;;Zuidwest 1G;;Westhoek 1G;1;20-11-2017 20:15:00;20-11-2017 20:15:00;EDCCACB1-AA95-46CF-9B29-9C2416941CB1;TER LINDE;2;0;1;0;16;0;338;238;False;;;21-11-2017 08:50:43;club Zuid West;18-12-2017 10:27:35;Westhoek Badminton;false;false;false;false;false;false;false
191589;382;1;Gemengd;4;;3° Provinciale;5;;A;;waregem 3G;;Sportif 1G;2;21-11-2017 20:45:00;21-11-2017 20:45:00;;treffer;0;2;0;1;7;11;310;319;False;21-11-2017 23:03:02;Waregem BC;21-11-2017 23:13:36;Waregem BC;22-11-2017 09:14:35;bc sportif vzw;false;false;false;false;false;false;false
191589;600;1;Gemengd;6;;5° Provinciale;10;;A;;Roeselare 3G;;Tielt 5G;1;22-11-2017 20:00:00;22-11-2017 20:00:00;;Sporthal De Ark;2;0;1;0;12;8;373;334;False;;;23-11-2017 19:48:17;Jozef Verbrugghe;23-11-2017 20:40:42;BC Tielt;false;false;false;false;false;false;false
191589;572;1;Gemengd;5;;4° Provinciale;9;;B;;Gitse 3G;;LEBAD Kortrijk 6G;2;24-11-2017 20:15:00;24-11-2017 20:15:00;B2CF9C8A-C7E1-44BB-A44B-F9DB7F9FB5C9;SPORTHAL OGIERLANDE;0;2;0;1;6;14;308;385;False;;;25-11-2017 08:48:08;Jonas Maes Gitse;25-11-2017 14:34:14;Lebad Kortrijk;false;false;false;false;false;false;false
191589;424;1;Gemengd;4;;3° Provinciale;6;;B;;Gitse 2G;;DZ99 5G;2;24-11-2017 20:15:00;24-11-2017 20:15:00;B2CF9C8A-C7E1-44BB-A44B-F9DB7F9FB5C9;SPORTHAL OGIERLANDE;0;2;0;1;7;12;312;365;False;;;25-11-2017 00:11:55;Jonas Maes Gitse;26-11-2017 20:35:50;DZ 99;false;false;false;false;false;false;false
191589;516;1;Gemengd;5;;4° Provinciale;8;;A;;Brugse 4G;;Barloke 4G;1;24-11-2017 20:30:00;24-11-2017 20:30:00;;sint-lodewijkscollege;2;0;1;0;10;8;317;339;False;;;25-11-2017 00:59:11;Robin Dumon;27-11-2017 14:28:05;BC Barloke;false;false;false;false;false;false;false
191589;20;1;Gemengd;2;;1° Provinciale;1;;A;;Brugse 1G;;waregem 1G;2;24-11-2017 20:30:00;24-11-2017 20:30:00;;sint-lodewijkscollege;0;2;0;1;6;12;312;346;False;;;25-11-2017 02:12:55;WVBF;27-11-2017 18:58:26;Waregem BC;false;false;false;false;false;false;false
191589;328;1;Gemengd;3;;2° Provinciale;4;;B;;Gullegem 1G;;BC Oostrozebeke 2G;2;24-11-2017 20:30:00;24-11-2017 20:30:00;;Sporthal Gullegem;0;2;0;1;8;11;336;369;False;;;25-11-2017 15:03:15;BC Gullegem;30-4-2018 11:40:43;BC Oostrozebeke;false;false;false;false;false;false;false
191589;569;1;Gemengd;5;;4° Provinciale;9;;B;;Brugse 3G;;PSV 1G;3;24-11-2017 20:30:00;24-11-2017 20:30:00;;sint-lodewijkscollege;1;1;0;0;9;9;343;317;False;;;25-11-2017 12:14:12;Robin Dumon;;;false;false;false;false;false;false;false
191589;651;1;Gemengd;6;;5° Provinciale;11;;B;;Torhout 3G;;Gullegem 3G;3;24-11-2017 20:30:00;24-11-2017 20:30:00;FA6F3DAE-E9F0-419F-96CB-5487B831D3AD;SPORTHAL Zaal A;1;1;0;0;10;11;390;393;False;;;25-11-2017 10:39:50;Albert Bossuyt Torhout;25-11-2017 12:45:10;BC Gullegem;false;false;false;false;false;false;false
191589;1330;1;Gemengd;5;;4° Provinciale;28;;C;;Gullegem 2G;;LEBAD Kortrijk 5G;2;24-11-2017 20:30:00;24-11-2017 20:30:00;;Sporthal Gullegem;0;2;0;1;4;15;304;383;False;;;25-11-2017 00:36:50;BC Gullegem;;;false;false;false;false;false;false;false
191589;1334;1;Gemengd;5;;4° Provinciale;28;;C;;Ombesa 2G;;Westhoek 3G;3;25-11-2017 09:15:00;25-11-2017 09:15:00;;tempelhof;1;1;0;0;11;9;366;321;False;;;27-11-2017 20:00:38;bc Ombesa;27-11-2017 23:21:00;Ruben Windey;false;false;false;false;false;false;false
191589;91;1;Gemengd;3;;2° Provinciale;2;;A;;DZ99 4G;;Ombesa 1G;1;25-11-2017 19:00:00;25-11-2017 19:00:00;921AF082-0A2C-45BB-AADF-99F9E5B13555;GAVERHAL;2;0;1;0;12;8;386;336;False;;;26-11-2017 00:40:41;DZ 99;3-12-2017 20:46:38;bc Ombesa;false;false;false;false;false;false;false
191589;1314;1;Gemengd;5;;4° Provinciale;28;;C;;DZ99 6G;;Sportif 3G;1;25-11-2017 19:00:00;25-11-2017 19:00:00;921AF082-0A2C-45BB-AADF-99F9E5B13555;GAVERHAL;2;0;1;0;11;9;360;343;False;26-11-2017 08:53:29;DZ 99;26-11-2017 08:58:38;DZ 99;27-11-2017 12:08:29;bc sportif vzw;false;false;false;false;false;false;false
191589;380;1;Gemengd;4;;3° Provinciale;5;;A;;OBTC 2G;;Roeselare 1G;2;25-11-2017 19:30:00;25-11-2017 19:30:00;908401B7-4A97-4C8C-B766-F979F5829975;De Spuikom;0;2;0;1;7;11;285;342;False;;;26-11-2017 13:48:00;De Oostendse Badmintonclub OBTC;;;false;false;false;false;false;false;false
191589;559;1;Gemengd;5;;4° Provinciale;9;;B;;Barloke 3G;;Haneveld 1G;1;25-11-2017 20:00:00;25-11-2017 20:00:00;;Sporthal De Barloke;2;0;1;0;12;6;336;271;False;;;26-11-2017 13:17:39;BC Barloke;27-11-2017 08:44:56;Dominiek Laridon;false;false;false;false;false;false;false
191589;353;1;Gemengd;4;;3° Provinciale;5;;A;;Tielt 3G;;Barloke 2G;2;26-11-2017 09:15:00;26-11-2017 09:15:00;55B75EE7-BD15-452C-B951-1E46AF00480D;DE PONTE;0;2;0;1;5;14;308;358;False;;;26-11-2017 15:19:28;BC Tielt;26-11-2017 22:51:43;Kevin Vanhalst;false;false;false;false;false;false;false
191589;320;1;Gemengd;3;;2° Provinciale;4;;B;;Tielt 2G;;LEBAD Kortrijk 3G;2;26-11-2017 09:15:00;26-11-2017 09:15:00;55B75EE7-BD15-452C-B951-1E46AF00480D;DE PONTE;0;2;0;1;6;13;355;350;False;26-11-2017 15:40:01;BC Tielt;26-11-2017 15:48:12;BC Tielt;28-11-2017 19:26:05;Lebad Kortrijk;false;false;false;false;false;false;false
191589;650;1;Gemengd;6;;5° Provinciale;11;;B;;Tielt 6G;;Bavikhove 1G;1;26-11-2017 09:15:00;26-11-2017 09:15:00;55B75EE7-BD15-452C-B951-1E46AF00480D;DE PONTE;2;0;1;0;10;8;312;323;False;;;26-11-2017 15:12:12;BC Tielt;28-11-2017 21:24:15;Badminton Bavikhoofse;false;false;false;false;false;false;false
191589;439;1;Gemengd;4;;3° Provinciale;6;;B;;Brugse 2G;;Tielt 4G;1;26-11-2017 10:00:00;24-11-2017 20:30:00;;De Koude Keuken;2;0;1;0;15;2;342;227;False;;;26-11-2017 14:29:48;WVBF;26-11-2017 18:40:30;BC Tielt;false;false;false;false;false;false;false
191589;513;1;Gemengd;5;;4° Provinciale;8;;A;;Sportif 2G;;Roeselare 2G;2;26-11-2017 13:45:00;26-11-2017 13:45:00;0F926DD4-F9DD-4618-B3BD-E044638C9D48;Gemeentelijke SPORTHAL;0;2;0;1;9;12;361;394;False;;;27-11-2017 20:07:56;bc sportif vzw;28-11-2017 15:51:07;Jozef Verbrugghe;false;false;false;false;false;false;false
191589;618;1;Gemengd;6;;5° Provinciale;10;;A;;Sportif 4G;;Ieper 2G;2;26-11-2017 13:45:00;26-11-2017 13:45:00;0F926DD4-F9DD-4618-B3BD-E044638C9D48;Gemeentelijke SPORTHAL;0;2;0;1;1;16;231;356;False;;;26-11-2017 17:42:52;bc sportif vzw;27-11-2017 10:15:21;Ieperse BC;false;false;false;false;false;false;false
191589;367;1;Gemengd;4;;3° Provinciale;5;;A;;Sportif 1G;;Torhout 2G;1;26-11-2017 13:45:00;26-11-2017 13:45:00;0F926DD4-F9DD-4618-B3BD-E044638C9D48;Gemeentelijke SPORTHAL;2;0;1;0;16;2;378;282;False;;;28-11-2017 12:34:30;bc sportif vzw;28-11-2017 21:32:14;Albert Bossuyt Torhout;false;false;false;false;false;false;false
191589;637;1;Gemengd;6;;5° Provinciale;11;;B;;Westhoek 4G;;IZBA 4G;1;26-11-2017 14:30:00;26-11-2017 14:30:00;38D9BE2C-2CE4-4EFD-9565-9DFB2214AEDA;Sportzaal Den Oosthoek;2;0;1;0;10;7;324;295;False;26-11-2017 19:07:01;Westhoek Badminton;26-11-2017 19:13:37;Westhoek Badminton;27-11-2017 09:00:00;club IZBA;false;false;false;false;false;false;false
191589;432;1;Gemengd;4;;3° Provinciale;6;;B;;Westhoek 2G;;De Valkaart 3G;1;26-11-2017 14:30:00;10-9-2017 14:30:00;38D9BE2C-2CE4-4EFD-9565-9DFB2214AEDA;Sportzaal Den Oosthoek;2;0;1;0;14;5;378;314;False;;;26-11-2017 21:30:00;Aissa Couvreur;;;false;false;false;false;false;false;false
191589;15;1;Gemengd;2;;1° Provinciale;1;;A;;waregem 1G;;Zuidwest 2G;1;27-11-2017 20:15:00;27-11-2017 20:15:00;;treffer;2;0;1;0;15;3;356;226;False;;;28-11-2017 21:31:38;Waregem BC;22-12-2017 23:12:05;club Zuid West;false;false;false;false;false;false;false
191589;59;1;Gemengd;3;;2° Provinciale;2;;A;;waregem 2G;;IZBA 2G;1;27-11-2017 20:15:00;27-11-2017 20:15:00;;treffer;2;0;1;0;10;6;298;250;False;;;28-11-2017 16:07:33;Waregem BC;;;false;false;false;false;false;false;false
191589;375;1;Gemengd;4;;3° Provinciale;5;;A;;Barloke 2G;;Roeselare 1G;1;28-11-2017 20:15:00;2-12-2017 20:00:00;;Sporthal De Barloke;2;0;1;0;16;0;336;186;False;;;28-11-2017 22:00:55;Kevin Vanhalst;;;false;false;false;false;false;false;false
191589;505;1;Gemengd;5;;4° Provinciale;8;;A;;Roeselare 2G;;Varsenare 1G;1;29-11-2017 20:00:00;29-11-2017 20:00:00;;Sporthal De Ark;2;0;1;0;11;7;348;289;False;;;30-11-2017 12:17:43;Jozef Verbrugghe;10-12-2017 10:52:11;Varsenare Badminton;false;false;false;false;false;false;false
191589;608;1;Gemengd;6;;5° Provinciale;10;;A;;Ieper 2G;;LEBAD Kortrijk 7G;2;30-11-2017 20:15:00;30-11-2017 20:15:00;;Sporthal Ieper;0;2;0;1;3;16;273;381;False;;;1-12-2017 00:19:26;Ieperse BC;1-12-2017 22:00:45;Lebad Kortrijk;false;false;false;false;false;false;false
191589;430;1;Gemengd;4;;3° Provinciale;6;;B;;Gitse 2G;;De Valkaart 3G;3;1-12-2017 20:15:00;1-12-2017 20:15:00;B2CF9C8A-C7E1-44BB-A44B-F9DB7F9FB5C9;SPORTHAL OGIERLANDE;1;1;0;0;9;9;314;322;False;;;2-12-2017 09:25:12;Jonas Maes Gitse;;;false;false;false;false;false;false;false
191589;358;1;Gemengd;4;;3° Provinciale;5;;A;;Torhout 2G;;waregem 3G;1;1-12-2017 20:30:00;1-12-2017 20:30:00;FA6F3DAE-E9F0-419F-96CB-5487B831D3AD;SPORTHAL Zaal A;2;0;1;0;15;3;366;283;False;;;4-12-2017 19:00:01;Albert Bossuyt Torhout;8-12-2017 13:14:39;Waregem BC;false;false;false;false;false;false;false
191589;83;1;Gemengd;3;;2° Provinciale;2;;A;;Torhout 1G;;DZ99 4G;2;1-12-2017 20:30:00;1-12-2017 20:30:00;FA6F3DAE-E9F0-419F-96CB-5487B831D3AD;SPORTHAL Zaal A;0;2;0;1;5;13;315;353;False;2-12-2017 20:01:08;Albert Bossuyt Torhout;2-12-2017 20:07:54;Albert Bossuyt Torhout;4-12-2017 23:26:47;DZ 99;false;false;false;false;false;false;false
191589;421;1;Gemengd;4;;3° Provinciale;6;;B;;DZ99 5G;;Brugse 2G;2;2-12-2017 09:00:00;18-11-2017 09:00:00;;Sportpunt Zwevegem;0;2;0;1;7;10;285;315;False;;;2-12-2017 13:29:57;DZ 99;;;false;false;false;false;false;false;false
191589;1360;1;Gemengd;5;;4° Provinciale;9;;B;;PSV 1G;;Ieper 1G;2;2-12-2017 09:00:00;2-12-2017 09:00:00;;sint-lodewijkscollege;0;2;0;1;8;10;296;332;False;2-12-2017 13:51:44;club PSV ONA;2-12-2017 13:59:10;club PSV ONA;7-12-2017 11:06:51;Ieperse BC;false;false;false;false;false;false;false
191589;98;1;Gemengd;3;;2° Provinciale;2;;A;;Ombesa 1G;;LEBAD Kortrijk 4G;3;2-12-2017 09:15:00;2-12-2017 09:15:00;;tempelhof;1;1;0;0;10;9;356;347;False;;;3-12-2017 20:45:45;bc Ombesa;9-12-2017 17:04:39;Lebad Kortrijk;false;false;false;false;false;false;false
191589;1309;1;Gemengd;5;;4° Provinciale;28;;C;;Ombesa 2G;;DZ99 6G;1;2-12-2017 09:15:00;2-12-2017 09:15:00;;tempelhof;2;0;1;0;12;5;327;279;False;;;3-12-2017 20:54:51;bc Ombesa;6-12-2017 21:47:37;DZ 99;false;false;false;false;false;false;false
191589;633;1;Gemengd;6;;5° Provinciale;11;;B;;Bavikhove 1G;;Torhout 3G;1;2-12-2017 14:00:00;2-12-2017 14:00:00;;De Vlasschaard;2;0;1;0;16;1;356;230;False;;;2-12-2017 19:13:09;Badminton Bavikhoofse;2-12-2017 20:10:33;Albert Bossuyt Torhout;false;false;false;false;false;false;false
191589;550;1;Gemengd;5;;4° Provinciale;9;;B;;LEBAD Kortrijk 6G;;Barloke 3G;2;2-12-2017 18:30:00;2-12-2017 18:30:00;16C9C2EA-F569-4A79-804D-B3F1F59B1A4A;STED SPORTHAL;0;2;0;1;5;13;252;350;False;3-12-2017 12:55:30;Lebad Kortrijk;3-12-2017 13:03:52;Lebad Kortrijk;3-12-2017 18:15:47;BC Barloke;false;false;false;false;false;false;false
191589;318;1;Gemengd;3;;2° Provinciale;4;;B;;OBTC 1G;;Gullegem 1G;1;2-12-2017 19:30:00;2-12-2017 19:30:00;908401B7-4A97-4C8C-B766-F979F5829975;De Spuikom;2;0;1;0;12;6;345;287;False;;;2-12-2017 22:30:14;De Oostendse Badmintonclub OBTC;5-12-2017 20:23:15;BC Gullegem;false;false;false;false;false;false;false
191589;35;1;Gemengd;2;;1° Provinciale;1;;A;;Barloke 1G;;Zuidwest 1G;2;2-12-2017 20:00:00;2-12-2017 20:00:00;;Sporthal De Barloke;0;2;0;1;7;10;296;305;False;;;3-12-2017 22:07:15;BC Barloke;22-12-2017 23:12:11;club Zuid West;false;false;false;false;false;false;false
191589;425;1;Gemengd;4;;3° Provinciale;6;;B;;Blankenbergse 1G;;DZ99 5G;2;3-12-2017 09:00:00;3-12-2017 09:00:00;09D36743-56C5-4312-AED3-1F7DE242C6FB;DE SPORTDOZE;0;2;0;1;0;16;210;337;False;;;5-12-2017 21:21:55;BC Blankenbergse;;;false;false;false;false;false;false;false
191589;417;1;Gemengd;4;;3° Provinciale;6;;B;;Tielt 4G;;Westhoek 2G;2;3-12-2017 09:15:00;3-12-2017 09:15:00;55B75EE7-BD15-452C-B951-1E46AF00480D;DE PONTE;0;2;0;1;5;12;282;328;False;;;3-12-2017 13:29:40;BC Tielt;4-12-2017 14:47:09;Aissa Couvreur;false;false;false;false;false;false;false
191589;502;1;Gemengd;5;;4° Provinciale;8;;A;;IZBA 3G;;Brugse 4G;2;3-12-2017 09:30:00;3-12-2017 09:30:00;87447D72-8330-4A20-8CA0-CE0970C07093;STEDELIJKE SPORTHAL DE KREKEL;0;2;0;1;8;10;319;355;False;;;3-12-2017 15:16:25;club IZBA;;;false;false;false;false;false;false;false
191589;63;1;Gemengd;3;;2° Provinciale;2;;A;;IZBA 2G;;De Valkaart 2G;2;3-12-2017 09:30:00;3-12-2017 09:30:00;87447D72-8330-4A20-8CA0-CE0970C07093;STEDELIJKE SPORTHAL DE KREKEL;0;2;0;1;5;14;297;373;False;;;3-12-2017 13:33:26;club IZBA;;;false;false;false;false;false;false;false
191589;657;1;Gemengd;6;;5° Provinciale;11;;B;;IZBA 4G;;Tielt 6G;2;3-12-2017 09:30:00;3-12-2017 09:30:00;87447D72-8330-4A20-8CA0-CE0970C07093;STEDELIJKE SPORTHAL DE KREKEL;0;2;0;1;5;14;297;370;False;;;3-12-2017 15:21:50;club IZBA;3-12-2017 17:14:12;BC Tielt;false;false;false;false;false;false;false
191589;554;1;Gemengd;5;;4° Provinciale;9;;B;;Haneveld 1G;;Gitse 3G;1;3-12-2017 10:00:00;3-12-2017 10:00:00;4486FC39-5C31-409B-9164-695DE202DF4E;HAENEVELD;2;0;1;0;12;5;310;281;False;;;3-12-2017 17:54:32;Dominiek Laridon;3-12-2017 20:30:05;Jonas Maes Gitse;false;false;false;false;false;false;false
191589;607;1;Gemengd;6;;5° Provinciale;10;;A;;Sportif 4G;;LEBAD Kortrijk 7G;2;3-12-2017 13:45:00;17-12-2017 13:45:00;0F926DD4-F9DD-4618-B3BD-E044638C9D48;Gemeentelijke SPORTHAL;0;2;0;1;3;16;291;385;False;;;3-12-2017 18:35:38;bc sportif vzw;3-12-2017 19:48:25;Lebad Kortrijk;false;false;false;false;false;false;false
191589;373;1;Gemengd;4;;3° Provinciale;5;;A;;Sportif 1G;;Tielt 3G;1;3-12-2017 13:45:00;3-12-2017 13:45:00;0F926DD4-F9DD-4618-B3BD-E044638C9D48;Gemeentelijke SPORTHAL;2;0;1;0;12;7;364;316;False;;;3-12-2017 20:00:52;bc sportif vzw;;;false;false;false;false;false;false;false
191589;1327;1;Gemengd;5;;4° Provinciale;28;;C;;Sportif 3G;;LEBAD Kortrijk 5G;2;3-12-2017 13:45:00;3-12-2017 13:45:00;0F926DD4-F9DD-4618-B3BD-E044638C9D48;Gemeentelijke SPORTHAL;0;2;0;1;8;11;316;357;False;;;4-12-2017 12:10:39;bc sportif vzw;;;false;false;false;false;false;false;false
191589;12;1;Gemengd;2;;1° Provinciale;1;;A;;Westhoek 1G;;Brugse 1G;2;3-12-2017 14:30:00;3-12-2017 14:30:00;38D9BE2C-2CE4-4EFD-9565-9DFB2214AEDA;Sportzaal Den Oosthoek;0;2;0;1;6;14;308;390;False;3-12-2017 19:37:25;Ann Van Acker;3-12-2017 19:50:35;Ann Van Acker;3-12-2017 21:29:25;WVBF;false;false;false;false;false;false;false
191589;1342;1;Gemengd;5;;4° Provinciale;28;;C;;Westhoek 3G;;Gullegem 2G;2;3-12-2017 14:30:00;3-12-2017 14:30:00;38D9BE2C-2CE4-4EFD-9565-9DFB2214AEDA;Sportzaal Den Oosthoek;0;2;0;1;7;12;321;354;False;;;4-12-2017 20:33:53;Ruben Windey;5-12-2017 20:22:42;BC Gullegem;false;false;false;false;false;false;false
191589;310;1;Gemengd;3;;2° Provinciale;4;;B;;LEBAD Kortrijk 3G;;De Valkaart 1G;2;3-12-2017 15:15:00;2-12-2017 18:30:00;16C9C2EA-F569-4A79-804D-B3F1F59B1A4A;STED SPORTHAL;0;2;0;1;7;14;359;409;False;;;7-12-2017 21:12:53;Lebad Kortrijk;10-12-2017 08:01:02;xander verplancke;false;false;false;false;false;false;false
191589;305;1;Gemengd;3;;2° Provinciale;4;;B;;BC Oostrozebeke 2G;;Tielt 2G;3;3-12-2017 17:00:00;3-12-2017 17:00:00;;Sportcentrum De Mandelmeersen;1;1;0;0;10;9;348;317;False;;;4-12-2017 18:12:38;BC Oostrozebeke;21-12-2017 06:22:29;BC Tielt;false;false;false;false;false;false;false
191589;525;1;Gemengd;5;;4° Provinciale;8;;A;;Barloke 4G;;Sportif 2G;1;5-12-2017 20:15:00;5-12-2017 20:00:00;;Sporthal De Barloke;2;0;1;0;10;7;302;264;False;;;6-12-2017 19:58:57;BC Barloke;10-12-2017 20:39:23;bc sportif vzw;false;false;false;false;false;false;false
191589;499;1;Gemengd;5;;4° Provinciale;8;;A;;Roeselare 2G;;Brugse 4G;1;6-12-2017 20:00:00;6-12-2017 20:00:00;;Sporthal De Ark;2;0;1;0;12;5;331;268;False;;;7-12-2017 13:07:00;Jozef Verbrugghe;;;false;false;false;false;false;false;false
191589;610;1;Gemengd;6;;5° Provinciale;10;;A;;Roeselare 3G;;Sportif 4G;1;6-12-2017 20:00:00;6-12-2017 20:00:00;;Sporthal De Ark;2;0;1;0;15;3;356;252;False;;;7-12-2017 13:00:54;Jozef Verbrugghe;10-12-2017 17:07:45;bc sportif vzw;false;false;false;false;false;false;false
191589;632;1;Gemengd;6;;5° Provinciale;11;;B;;Westhoek 4G;;Torhout 3G;2;8-12-2017 20:30:00;10-12-2017 14:30:00;FA6F3DAE-E9F0-419F-96CB-5487B831D3AD;SPORTHAL Zaal A;0;2;0;1;8;11;319;328;True;9-12-2017 17:18:55;Albert Bossuyt Torhout;9-12-2017 17:27:45;Albert Bossuyt Torhout;18-12-2017 12:25:36;Westhoek Badminton;false;false;false;false;false;false;false
191589;402;1;Gemengd;4;;3° Provinciale;6;;B;;Brugse 2G;;Gitse 2G;1;8-12-2017 20:30:00;8-12-2017 20:30:00;;sint-lodewijkscollege;2;0;1;0;13;5;364;303;False;;;9-12-2017 01:27:00;WVBF;10-12-2017 12:09:46;Jonas Maes Gitse;false;false;false;false;false;false;false
191589;322;1;Gemengd;3;;2° Provinciale;4;;B;;Gullegem 1G;;LEBAD Kortrijk 3G;3;8-12-2017 20:30:00;8-12-2017 20:30:00;;Sporthal Gullegem;1;1;0;0;10;9;348;358;False;;;9-12-2017 12:02:59;BC Gullegem;21-12-2017 19:24:28;Lebad Kortrijk;false;false;false;false;false;false;false
191589;434;1;Gemengd;4;;3° Provinciale;6;;B;;DZ99 5G;;De Valkaart 3G;1;9-12-2017 09:00:00;9-12-2017 09:00:00;;Sportpunt Zwevegem;2;0;1;0;16;1;352;254;False;;;9-12-2017 15:17:45;DZ 99;;;false;false;false;false;false;false;false
191589;561;1;Gemengd;5;;4° Provinciale;9;;B;;PSV 1G;;Haneveld 1G;2;9-12-2017 09:00:00;9-12-2017 09:00:00;;sint-lodewijkscollege;0;2;0;1;5;13;309;360;False;9-12-2017 14:30:50;club PSV ONA;9-12-2017 14:37:17;club PSV ONA;9-12-2017 18:03:03;Dominiek Laridon;false;false;false;false;false;false;false
191589;601;1;Gemengd;6;;5° Provinciale;10;;A;;LEBAD Kortrijk 7G;;Tielt 5G;1;9-12-2017 18:30:00;9-12-2017 18:30:00;16C9C2EA-F569-4A79-804D-B3F1F59B1A4A;STED SPORTHAL;2;0;1;0;16;1;354;39;False;;;10-12-2017 11:11:05;Lebad Kortrijk;;;false;false;false;false;false;false;false
191589;74;1;Gemengd;3;;2° Provinciale;2;;A;;LEBAD Kortrijk 4G;;Torhout 1G;2;9-12-2017 18:30:00;9-12-2017 18:30:00;16C9C2EA-F569-4A79-804D-B3F1F59B1A4A;STED SPORTHAL;0;2;0;1;7;12;320;364;False;11-12-2017 19:51:49;Lebad Kortrijk;11-12-2017 19:56:57;Lebad Kortrijk;16-12-2017 11:40:16;Albert Bossuyt Torhout;false;false;false;false;false;false;false
191589;60;1;Gemengd;3;;2° Provinciale;2;;A;;DZ99 4G;;IZBA 2G;1;9-12-2017 19:00:00;9-12-2017 19:00:00;921AF082-0A2C-45BB-AADF-99F9E5B13555;GAVERHAL;2;0;1;0;13;5;355;303;False;;;10-12-2017 13:49:32;DZ 99;;;false;false;false;false;false;false;false
191589;1332;1;Gemengd;5;;4° Provinciale;28;;C;;DZ99 6G;;Westhoek 3G;1;9-12-2017 19:00:00;9-12-2017 19:00:00;921AF082-0A2C-45BB-AADF-99F9E5B13555;GAVERHAL;2;0;1;0;11;7;352;320;False;;;10-12-2017 20:52:10;DZ 99;;;false;false;false;false;false;false;false
191589;517;1;Gemengd;5;;4° Provinciale;8;;A;;Varsenare 1G;;Barloke 4G;3;9-12-2017 19:15:00;9-12-2017 19:15:00;;Hof Ter Straeten;1;1;0;0;9;8;308;288;False;;;10-12-2017 10:57:59;Varsenare Badminton;13-12-2017 20:10:19;BC Barloke;false;false;false;false;false;false;false
191589;385;1;Gemengd;4;;3° Provinciale;5;;A;;Roeselare 1G;;Sportif 1G;3;9-12-2017 19:30:00;9-12-2017 19:30:00;0932F6CA-648C-4122-92EE-371D3B484F24;SCHIERVELDE;1;1;0;0;8;10;309;349;False;;;10-12-2017 10:48:21;Jozef Verbrugghe;10-12-2017 16:33:33;bc sportif vzw;false;false;false;false;false;false;false
191589;336;1;Gemengd;3;;2° Provinciale;4;;B;;BC Oostrozebeke 2G;;OBTC 1G;2;9-12-2017 19:30:00;10-12-2017 17:00:00;;Sportcentrum De Mandelmeersen;0;2;0;1;7;10;289;307;True;;;10-12-2017 11:55:00;De Oostendse Badmintonclub OBTC;10-12-2017 13:30:00;BC Oostrozebeke;false;false;false;false;false;false;false
191589;387;1;Gemengd;4;;3° Provinciale;5;;A;;Barloke 2G;;OBTC 2G;1;9-12-2017 20:00:00;9-12-2017 20:00:00;;Sporthal De Barloke;2;0;1;0;14;2;325;130;False;;;10-12-2017 11:18:43;Kevin Vanhalst;;;false;false;false;false;false;false;false
191589;41;1;Gemengd;2;;1° Provinciale;1;;A;;Barloke 1G;;Westhoek 1G;1;9-12-2017 20:00:00;25-11-2017 20:00:00;;Sporthal De Barloke;2;0;1;0;15;3;372;289;False;;;10-12-2017 13:36:14;BC Barloke;18-12-2017 10:29:02;Westhoek Badminton;false;false;false;false;false;false;false
191589;577;1;Gemengd;5;;4° Provinciale;9;;B;;Barloke 3G;;Brugse 3G;1;9-12-2017 20:00:00;9-12-2017 20:00:00;;Sporthal De Barloke;2;0;1;0;14;5;378;308;False;;;10-12-2017 01:11:02;BC Barloke;10-12-2017 18:50:18;Robin Dumon;false;false;false;false;false;false;false
191589;76;1;Gemengd;3;;2° Provinciale;2;;A;;De Valkaart 2G;;waregem 2G;3;10-12-2017 09:00:00;10-12-2017 09:00:00;;De Valkaart;1;1;0;0;12;9;384;379;False;10-12-2017 21:46:15;BC De Valkaart;10-12-2017 21:50:09;BC De Valkaart;12-12-2017 09:48:09;Waregem BC;false;false;false;false;false;false;false
191589;308;1;Gemengd;3;;2° Provinciale;4;;B;;Tielt 2G;;De Valkaart 1G;3;10-12-2017 09:15:00;10-12-2017 09:15:00;55B75EE7-BD15-452C-B951-1E46AF00480D;DE PONTE;1;1;0;0;10;9;338;322;False;;;12-12-2017 08:05:46;BC Tielt;12-12-2017 14:23:38;xander verplancke;false;false;false;false;false;false;false
191589;411;1;Gemengd;4;;3° Provinciale;6;;B;;Tielt 4G;;Blankenbergse 1G;1;10-12-2017 09:15:00;10-12-2017 09:15:00;55B75EE7-BD15-452C-B951-1E46AF00480D;DE PONTE;2;0;1;0;13;5;350;281;False;;;10-12-2017 15:00:21;BC Tielt;23-12-2017 09:18:04;BC Blankenbergse;false;false;false;false;false;false;false
191589;655;1;Gemengd;6;;5° Provinciale;11;;B;;Tielt 6G;;Gullegem 3G;1;10-12-2017 09:15:00;10-12-2017 09:15:00;55B75EE7-BD15-452C-B951-1E46AF00480D;DE PONTE;2;0;1;0;10;6;283;279;False;;;10-12-2017 14:29:44;BC Tielt;10-12-2017 18:23:09;BC Gullegem;false;false;false;false;false;false;false
191589;647;1;Gemengd;6;;5° Provinciale;11;;B;;IZBA 4G;;Bavikhove 1G;1;10-12-2017 09:30:00;10-12-2017 09:30:00;87447D72-8330-4A20-8CA0-CE0970C07093;STEDELIJKE SPORTHAL DE KREKEL;2;0;1;0;10;6;325;250;False;10-12-2017 13:56:08;club IZBA;10-12-2017 14:02:32;club IZBA;;;false;false;false;false;false;false;false
191589;1355;1;Gemengd;5;;4° Provinciale;9;;B;;Ieper 1G;;LEBAD Kortrijk 6G;3;10-12-2017 09:45:00;10-12-2017 09:45:00;;Sporthal Ieper;1;1;0;0;9;9;290;305;False;;;10-12-2017 22:16:37;Ieperse BC;11-12-2017 13:51:40;Lebad Kortrijk;false;false;false;false;false;false;false
191589;532;1;Gemengd;5;;4° Provinciale;8;;A;;Sportif 2G;;IZBA 3G;1;10-12-2017 13:45:00;10-12-2017 13:45:00;0F926DD4-F9DD-4618-B3BD-E044638C9D48;Gemeentelijke SPORTHAL;2;0;1;0;14;6;399;337;False;;;10-12-2017 20:44:39;bc sportif vzw;11-12-2017 08:23:04;club IZBA;false;false;false;false;false;false;false
191589;1339;1;Gemengd;5;;4° Provinciale;28;;C;;Sportif 3G;;Gullegem 2G;1;10-12-2017 13:45:00;10-12-2017 13:45:00;0F926DD4-F9DD-4618-B3BD-E044638C9D48;Gemeentelijke SPORTHAL;2;0;1;0;10;7;337;293;False;;;11-12-2017 12:17:33;bc sportif vzw;11-12-2017 15:42:45;BC Gullegem;false;false;false;false;false;false;false
191589;1322;1;Gemengd;5;;4° Provinciale;28;;C;;LEBAD Kortrijk 5G;;Ombesa 2G;1;10-12-2017 15:15:00;9-12-2017 18:30:00;16C9C2EA-F569-4A79-804D-B3F1F59B1A4A;STED SPORTHAL;2;0;1;0;15;4;367;291;False;;;11-12-2017 13:29:07;Lebad Kortrijk;;;false;false;false;false;false;false;false
191589;512;1;Gemengd;5;;4° Provinciale;8;;A;;Barloke 4G;;Roeselare 2G;2;12-12-2017 20:15:00;12-12-2017 20:00:00;;Sporthal De Barloke;0;2;0;1;7;12;308;372;False;;;13-12-2017 20:16:11;BC Barloke;;;false;false;false;false;false;false;false
191589;370;1;Gemengd;4;;3° Provinciale;5;;A;;waregem 3G;;Tielt 3G;2;12-12-2017 20:45:00;12-12-2017 20:45:00;;treffer;0;2;0;1;6;12;292;336;False;13-12-2017 00:08:33;Waregem BC;13-12-2017 00:12:50;Waregem BC;;;false;false;false;false;false;false;false
191589;598;1;Gemengd;6;;5° Provinciale;10;;A;;Ieper 2G;;Roeselare 3G;2;14-12-2017 20:15:00;14-12-2017 20:15:00;;Sporthal Ieper;0;2;0;1;5;12;232;317;False;;;15-12-2017 08:47:23;Ieperse BC;;;false;false;false;false;false;false;false
191589;89;1;Gemengd;3;;2° Provinciale;2;;A;;Torhout 1G;;Ombesa 1G;1;15-12-2017 20:30:00;15-12-2017 20:30:00;FA6F3DAE-E9F0-419F-96CB-5487B831D3AD;SPORTHAL Zaal A;2;0;1;0;13;6;369;311;False;16-12-2017 10:19:03;Albert Bossuyt Torhout;16-12-2017 10:25:01;Albert Bossuyt Torhout;;;false;false;false;false;false;false;false
191589;315;1;Gemengd;3;;2° Provinciale;4;;B;;De Valkaart 1G;;Gullegem 1G;1;15-12-2017 20:30:00;17-12-2017 09:00:00;;De Valkaart;2;0;1;0;14;5;376;337;True;;;16-12-2017 12:37:01;BC Gullegem;16-12-2017 18:59:02;xander verplancke;false;false;false;false;false;false;false
191589;639;1;Gemengd;6;;5° Provinciale;11;;B;;Gullegem 3G;;IZBA 4G;3;15-12-2017 20:30:00;15-12-2017 20:30:00;;Sporthal Gullegem;1;1;0;0;9;10;355;344;False;;;16-12-2017 10:51:28;BC Gullegem;;;false;false;false;false;false;false;false
191589;656;1;Gemengd;6;;5° Provinciale;11;;B;;Torhout 3G;;Tielt 6G;2;15-12-2017 20:30:00;15-12-2017 20:30:00;FA6F3DAE-E9F0-419F-96CB-5487B831D3AD;SPORTHAL Zaal A;0;2;0;1;2;16;258;368;False;16-12-2017 10:11:00;Albert Bossuyt Torhout;16-12-2017 10:16:38;Albert Bossuyt Torhout;17-12-2017 19:48:59;BC Tielt;false;false;false;false;false;false;false
191589;61;1;Gemengd;3;;2° Provinciale;2;;A;;Ombesa 1G;;IZBA 2G;1;16-12-2017 09:15:00;23-12-2017 09:15:00;;tempelhof;2;0;1;0;11;8;356;328;False;;;17-12-2017 09:42:37;bc Ombesa;;;false;false;false;false;false;false;false
191589;1315;1;Gemengd;5;;4° Provinciale;28;;C;;Ombesa 2G;;Sportif 3G;1;16-12-2017 09:15:00;16-12-2017 09:15:00;;tempelhof;2;0;1;0;11;6;328;287;False;;;17-12-2017 09:50:31;bc Ombesa;18-12-2017 12:16:17;bc sportif vzw;false;false;false;false;false;false;false
191589;581;1;Gemengd;5;;4° Provinciale;9;;B;;LEBAD Kortrijk 6G;;Brugse 3G;2;16-12-2017 18:30:00;16-12-2017 18:30:00;16C9C2EA-F569-4A79-804D-B3F1F59B1A4A;STED SPORTHAL;0;2;0;1;9;11;353;367;False;17-12-2017 12:44:54;Lebad Kortrijk;17-12-2017 12:52:36;Lebad Kortrijk;21-12-2017 18:40:35;Robin Dumon;false;false;false;false;false;false;false
191589;1335;1;Gemengd;5;;4° Provinciale;28;;C;;LEBAD Kortrijk 5G;;Westhoek 3G;1;16-12-2017 18:30:00;16-12-2017 18:30:00;16C9C2EA-F569-4A79-804D-B3F1F59B1A4A;STED SPORTHAL;2;0;1;0;13;8;425;362;False;;;17-12-2017 08:35:43;Lebad Kortrijk;;;false;false;false;false;false;false;false
191589;523;1;Gemengd;5;;4° Provinciale;8;;A;;Varsenare 1G;;Sportif 2G;2;16-12-2017 19:30:00;2-9-2017 19:15:00;;Hof Ter Straeten;0;2;0;1;5;13;289;353;False;;;18-12-2017 16:59:37;Varsenare Badminton;;;false;false;false;false;false;false;false
191589;360;1;Gemengd;4;;3° Provinciale;5;;A;;Roeselare 1G;;waregem 3G;1;16-12-2017 19:30:00;16-12-2017 19:30:00;0932F6CA-648C-4122-92EE-371D3B484F24;SCHIERVELDE;2;0;1;0;15;2;341;207;False;;;17-12-2017 12:07:17;Jozef Verbrugghe;18-12-2017 14:14:41;Waregem BC;false;false;false;false;false;false;false
191589;306;1;Gemengd;3;;2° Provinciale;4;;B;;OBTC 1G;;Tielt 2G;1;16-12-2017 19:30:00;16-12-2017 19:30:00;908401B7-4A97-4C8C-B766-F979F5829975;De Spuikom;2;0;1;0;10;7;307;287;False;;;16-12-2017 22:55:35;De Oostendse Badmintonclub OBTC;21-12-2017 06:22:54;BC Tielt;false;false;false;false;false;false;false
191589;565;1;Gemengd;5;;4° Provinciale;9;;B;;Barloke 3G;;PSV 1G;1;16-12-2017 20:00:00;16-12-2017 20:00:00;;Sporthal De Barloke;2;0;1;0;16;1;352;218;False;;;17-12-2017 01:03:37;BC Barloke;;;false;false;false;false;false;false;false
191589;70;1;Gemengd;3;;2° Provinciale;2;;A;;De Valkaart 2G;;Torhout 1G;1;17-12-2017 09:00:00;26-11-2017 09:00:00;;De Valkaart;2;0;1;0;14;5;381;312;False;19-12-2017 13:40:20;BC De Valkaart;19-12-2017 13:43:43;BC De Valkaart;19-12-2017 20:37:08;Albert Bossuyt Torhout;false;false;false;false;false;false;false
191589;400;1;Gemengd;4;;3° Provinciale;6;;B;;Blankenbergse 1G;;Gitse 2G;3;17-12-2017 09:00:00;17-12-2017 09:00:00;09D36743-56C5-4312-AED3-1F7DE242C6FB;DE SPORTDOZE;1;1;0;0;10;9;345;344;False;;;17-12-2017 15:03:42;BC Blankenbergse;19-12-2017 20:34:26;Jonas Maes Gitse;false;false;false;false;false;false;false
191589;422;1;Gemengd;4;;3° Provinciale;6;;B;;De Valkaart 3G;;Brugse 2G;2;17-12-2017 09:00:00;17-12-2017 09:00:00;;De Valkaart;0;2;0;1;6;14;306;395;False;;;17-12-2017 17:47:36;Claude Debaere;;;false;false;false;false;false;false;false
191589;616;1;Gemengd;6;;5° Provinciale;10;;A;;Tielt 5G;;Ieper 2G;1;17-12-2017 09:15:00;17-12-2017 09:15:00;55B75EE7-BD15-452C-B951-1E46AF00480D;DE PONTE;2;0;1;0;12;7;377;300;False;;;18-12-2017 17:23:08;BC Tielt;;;false;false;false;false;false;false;false
191589;365;1;Gemengd;4;;3° Provinciale;5;;A;;Tielt 3G;;Torhout 2G;1;17-12-2017 09:15:00;17-12-2017 09:15:00;55B75EE7-BD15-452C-B951-1E46AF00480D;DE PONTE;2;0;1;0;14;3;350;252;False;;;17-12-2017 13:25:45;BC Tielt;17-12-2017 18:54:07;Albert Bossuyt Torhout;false;false;false;false;false;false;false
191589;93;1;Gemengd;3;;2° Provinciale;2;;A;;IZBA 2G;;LEBAD Kortrijk 4G;2;17-12-2017 09:30:00;17-12-2017 09:30:00;87447D72-8330-4A20-8CA0-CE0970C07093;STEDELIJKE SPORTHAL DE KREKEL;0;2;0;1;3;14;278;346;False;;;17-12-2017 13:00:53;club IZBA;17-12-2017 13:12:24;Lebad Kortrijk;false;false;false;false;false;false;false
191589;520;1;Gemengd;5;;4° Provinciale;8;;A;;IZBA 3G;;Barloke 4G;2;17-12-2017 09:30:00;17-12-2017 09:30:00;87447D72-8330-4A20-8CA0-CE0970C07093;STEDELIJKE SPORTHAL DE KREKEL;0;2;0;1;6;11;290;318;False;;;17-12-2017 18:10:01;club IZBA;;;false;false;false;false;false;false;false
191589;1353;1;Gemengd;5;;4° Provinciale;9;;B;;Ieper 1G;;Haneveld 1G;1;17-12-2017 09:45:00;17-12-2017 09:45:00;;Sporthal Ieper;2;0;1;0;11;6;322;182;False;;;17-12-2017 15:16:41;Ieperse BC;19-12-2017 17:02:54;Dominiek Laridon;false;false;false;false;false;false;false
191589;392;1;Gemengd;4;;3° Provinciale;5;;A;;Sportif 1G;;OBTC 2G;1;17-12-2017 13:45:00;17-12-2017 13:45:00;0F926DD4-F9DD-4618-B3BD-E044638C9D48;Gemeentelijke SPORTHAL;2;0;1;0;12;5;343;227;False;;;17-12-2017 17:48:17;bc sportif vzw;;;false;false;false;false;false;false;false
191589;18;1;Gemengd;2;;1° Provinciale;1;;A;;Westhoek 1G;;Zuidwest 2G;3;17-12-2017 14:30:00;17-12-2017 14:30:00;38D9BE2C-2CE4-4EFD-9565-9DFB2214AEDA;Sportzaal Den Oosthoek;1;1;0;0;9;9;318;328;False;;;18-12-2017 10:34:19;Westhoek Badminton;22-12-2017 23:12:16;club Zuid West;false;false;false;false;false;false;false
191589;426;1;Gemengd;4;;3° Provinciale;6;;B;;Westhoek 2G;;DZ99 5G;2;17-12-2017 14:30:00;17-12-2017 14:30:00;38D9BE2C-2CE4-4EFD-9565-9DFB2214AEDA;Sportzaal Den Oosthoek;0;2;0;1;3;16;304;395;False;;;20-12-2017 10:50:06;Aissa Couvreur;;;false;false;false;false;false;false;false
191589;643;1;Gemengd;6;;5° Provinciale;11;;B;;Bavikhove 1G;;Westhoek 4G;1;17-12-2017 14:30:00;16-12-2017 14:00:00;;De Vlasschaard;2;0;1;0;10;7;311;288;True;18-12-2017 12:27:32;Westhoek Badminton;18-12-2017 12:34:08;Westhoek Badminton;;;false;false;false;false;false;false;false
191589;329;1;Gemengd;3;;2° Provinciale;4;;B;;LEBAD Kortrijk 3G;;BC Oostrozebeke 2G;2;17-12-2017 15:15:00;16-12-2017 18:30:00;16C9C2EA-F569-4A79-804D-B3F1F59B1A4A;STED SPORTHAL;0;2;0;1;8;10;310;342;False;;;21-12-2017 19:23:25;Lebad Kortrijk;15-1-2018 12:24:14;BC Oostrozebeke;false;false;false;false;false;false;false
191589;23;1;Gemengd;2;;1° Provinciale;1;;A;;Zuidwest 1G;;waregem 1G;1;18-12-2017 20:15:00;18-12-2017 20:15:00;EDCCACB1-AA95-46CF-9B29-9C2416941CB1;TER LINDE;2;0;1;0;12;6;339;305;False;;;18-12-2017 23:46:17;club Zuid West;19-12-2017 19:44:22;Waregem BC;false;false;false;false;false;false;false
191589;27;1;Gemengd;2;;1° Provinciale;1;;A;;Zuidwest 2G;;Barloke 1G;3;18-12-2017 20:15:00;11-12-2017 20:15:00;EDCCACB1-AA95-46CF-9B29-9C2416941CB1;TER LINDE;1;1;0;0;10;8;340;339;False;;;22-12-2017 23:11:04;club Zuid West;;;false;false;false;false;false;false;false
191589;84;1;Gemengd;3;;2° Provinciale;2;;A;;waregem 2G;;DZ99 4G;1;18-12-2017 20:15:00;18-12-2017 20:15:00;;treffer;2;0;1;0;11;9;358;359;False;;;19-12-2017 17:07:36;Waregem BC;25-12-2017 11:14:08;DZ 99;false;false;false;false;false;false;false
191589;40;1;Gemengd;2;;1° Provinciale;1;;A;;waregem 1G;;Westhoek 1G;1;19-12-2017 20:45:00;11-12-2017 20:15:00;;treffer;2;0;1;0;16;0;336;201;False;;;20-12-2017 23:28:04;Waregem BC;;;false;false;false;false;false;false;false
191589;419;1;Gemengd;4;;3° Provinciale;6;;B;;Blankenbergse 1G;;Brugse 2G;2;22-12-2017 19:15:00;29-10-2017 09:00:00;09D36743-56C5-4312-AED3-1F7DE242C6FB;DE SPORTDOZE;0;2;0;1;4;13;258;327;False;;;23-12-2017 09:29:09;BC Blankenbergse;;;false;false;false;false;false;false;false
191589;412;1;Gemengd;4;;3° Provinciale;6;;B;;Gitse 2G;;Westhoek 2G;3;22-12-2017 20:15:00;22-12-2017 20:15:00;B2CF9C8A-C7E1-44BB-A44B-F9DB7F9FB5C9;SPORTHAL OGIERLANDE;1;1;0;0;11;10;391;386;False;;;23-12-2017 10:37:38;Jonas Maes Gitse;;;false;false;false;false;false;false;false
191589;547;1;Gemengd;5;;4° Provinciale;9;;B;;Gitse 3G;;Barloke 3G;2;22-12-2017 20:15:00;22-12-2017 20:15:00;B2CF9C8A-C7E1-44BB-A44B-F9DB7F9FB5C9;SPORTHAL OGIERLANDE;0;2;0;1;1;16;236;354;False;;;23-12-2017 09:35:37;Jonas Maes Gitse;24-12-2017 00:16:55;BC Barloke;false;false;false;false;false;false;false
191589;504;1;Gemengd;5;;4° Provinciale;8;;A;;Brugse 4G;;Varsenare 1G;3;22-12-2017 20:30:00;22-12-2017 20:30:00;;sint-lodewijkscollege;1;1;0;0;8;8;290;284;False;;;23-12-2017 00:20:28;Robin Dumon;;;false;false;false;false;false;false;false
191589;26;1;Gemengd;2;;1° Provinciale;1;;A;;Brugse 1G;;Barloke 1G;2;22-12-2017 20:30:00;22-12-2017 20:30:00;A5FA4D61-77D8-4463-846E-1F0491AF7392;ST. LODEWIJKSCOLLEGE;0;2;0;1;10;11;411;408;False;;;23-12-2017 01:26:55;WVBF;;;false;false;false;false;false;false;false
191589;1362;1;Gemengd;5;;4° Provinciale;9;;B;;Brugse 3G;;Ieper 1G;1;22-12-2017 20:30:00;22-12-2017 20:30:00;;sint-lodewijkscollege;2;0;1;0;11;9;380;346;False;;;23-12-2017 10:38:06;Robin Dumon;;;false;false;false;false;false;false;false
191589;1312;1;Gemengd;5;;4° Provinciale;28;;C;;Gullegem 2G;;DZ99 6G;1;22-12-2017 20:30:00;22-12-2017 20:30:00;;Sporthal Gullegem;2;0;1;0;12;6;323;307;False;;;23-12-2017 11:45:03;BC Gullegem;;;false;false;false;false;false;false;false
191589;440;1;Gemengd;4;;3° Provinciale;6;;B;;DZ99 5G;;Tielt 4G;1;23-12-2017 09:00:00;23-12-2017 09:00:00;;Sportpunt Zwevegem;2;0;1;0;14;3;334;247;False;;;23-12-2017 11:39:50;DZ 99;;;false;false;false;false;false;false;false
191589;80;1;Gemengd;3;;2° Provinciale;2;;A;;LEBAD Kortrijk 4G;;waregem 2G;3;23-12-2017 18:30:00;23-12-2017 18:30:00;16C9C2EA-F569-4A79-804D-B3F1F59B1A4A;STED SPORTHAL;1;1;0;0;10;10;381;344;False;24-12-2017 15:43:15;Lebad Kortrijk;24-12-2017 15:50:35;Lebad Kortrijk;2-1-2018 16:27:37;Waregem BC;false;false;false;false;false;false;false
191589;568;1;Gemengd;5;;4° Provinciale;9;;B;;LEBAD Kortrijk 6G;;PSV 1G;1;23-12-2017 18:30:00;23-12-2017 18:30:00;16C9C2EA-F569-4A79-804D-B3F1F59B1A4A;STED SPORTHAL;2;0;1;0;15;3;360;288;False;;;25-12-2017 17:19:38;Lebad Kortrijk;;;false;false;false;false;false;false;false
191589;66;1;Gemengd;3;;2° Provinciale;2;;A;;DZ99 4G;;De Valkaart 2G;1;23-12-2017 19:00:00;23-12-2017 19:00:00;921AF082-0A2C-45BB-AADF-99F9E5B13555;GAVERHAL;2;0;1;0;12;9;397;396;False;;;25-12-2017 11:13:43;DZ 99;;;false;false;false;false;false;false;false
191589;11;1;Gemengd;2;;1° Provinciale;1;;A;;Zuidwest 1G;;Brugse 1G;1;8-1-2018 20:15:00;11-12-2017 20:15:00;EDCCACB1-AA95-46CF-9B29-9C2416941CB1;TER LINDE;2;0;1;0;12;6;333;311;False;;;8-1-2018 23:07:56;club Zuid West;9-1-2018 08:20:58;WVBF;false;false;false;false;false;false;false
